:020000040800F2
:1000000000300020D5590008E9570008F1570008D2
:1000100000000000000000000000000000000000E0
:10002000000000000000000000000000F957000878
:100030000000000000000000035800080D580008F0
:10004000255A0008255A00081D580008255A00089E
:10005000255A000835580008255A00084B58000852
:1000600000000000255A0008255A0008255A0008FB
:10007000255A0008255A0008255A0008255A000864
:10008000255A0008255A0008255A0008255A000854
:10009000255A0008255A000800000000255A0008CB
:1000A00061580008255A0008255A0008255A0008FA
:1000B000255A0008255A0008255A0008255A000824
:1000C00010B5064C2378002B07D1054B002B02D02E
:1000D000044800E000BF0123237010BD1C00002075
:1000E0000000000080BD0008044B10B5002B03D0B9
:1000F0000349044800E000BF10BDC04600000000F6
:100100002000002080BD0008002243088B4274D3E9
:1001100003098B425FD3030A8B4244D3030B8B4208
:1001200028D3030C8B420DD3FF22090212BA030C11
:100130008B4202D31212090265D0030B8B4219D3F2
:1001400000E0090AC30B8B4201D3CB03C01A524112
:10015000830B8B4201D38B03C01A5241430B8B425A
:1001600001D34B03C01A5241030B8B4201D30B0343
:10017000C01A5241C30A8B4201D3CB02C01A52416A
:10018000830A8B4201D38B02C01A5241430A8B422D
:1001900001D34B02C01A5241030A8B4201D30B0216
:1001A000C01A5241CDD2C3098B4201D3CB01C01A30
:1001B000524183098B4201D38B01C01A524143093A
:1001C0008B4201D34B01C01A524103098B4201D328
:1001D0000B01C01A5241C3088B4201D3CB00C01A95
:1001E000524183088B4201D38B00C01A524143080D
:1001F0008B4201D34B00C01A5241411A00D2014632
:10020000524110467047FFE701B5002000F0F0F8BA
:1002100002BDC0460029F7D076E7704703460B437E
:100220007FD4002243088B4274D303098B425FD3EF
:10023000030A8B4244D3030B8B4228D3030C8B421B
:100240000DD3FF22090212BA030C8B4202D3121201
:10025000090265D0030B8B4219D300E0090AC30BD6
:100260008B4201D3CB03C01A5241830B8B4201D383
:100270008B03C01A5241430B8B4201D34B03C01A6C
:100280005241030B8B4201D30B03C01A5241C30AE4
:100290008B4201D3CB02C01A5241830A8B4201D355
:1002A0008B02C01A5241430A8B4201D34B02C01A3F
:1002B0005241030A8B4201D30B02C01A5241CDD2E4
:1002C000C3098B4201D3CB01C01A524183098B422F
:1002D00001D38B01C01A524143098B4201D34B0118
:1002E000C01A524103098B4201D30B01C01A52417B
:1002F000C3088B4201D3CB00C01A524183088B4202
:1003000001D38B00C01A524143088B4201D34B00EA
:10031000C01A5241411A00D201465241104670475C
:100320005DE0CA0F00D04942031000D34042534061
:1003300000229C4603098B422DD3030A8B4212D321
:10034000FC22890112BA030A8B420CD38901921153
:100350008B4208D3890192118B4204D389013AD090
:10036000921100E08909C3098B4201D3CB01C01A65
:10037000524183098B4201D38B01C01A5241430978
:100380008B4201D34B01C01A524103098B4201D366
:100390000B01C01A5241C3088B4201D3CB00C01AD3
:1003A000524183088B4201D38B00C01A5241D9D2EB
:1003B00043088B4201D34B00C01A5241411A00D26C
:1003C0000146634652415B10104601D34042002B68
:1003D00000D54942704763465B1000D3404201B5E7
:1003E000002000F005F802BD0029F8D016E770479C
:1003F0007047C046844608006146FFE71FB500F01D
:10040000BDFA002801D40021C8421FBD10B500F07C
:1004100045FA4042013010BD10B500F0AFFA002897
:1004200001DB002010BD012010BDC04610B500F05A
:10043000A5FA002801DD002010BD012010BDC04636
:1004400010B500F053FA002801DC002010BD012097
:1004500010BDC04610B500F049FA002801DA0020AE
:1004600010BD012010BDC046002B11D1002A0FD1B4
:10047000002900D1002802D00021C943080007B498
:10048000024802A14018029003BDC04665FFFFFF6D
:1004900003B4684601B5029800F01EF8019B9E4621
:1004A00002B00CBC7047C0469E2110B5C905041CA3
:1004B000FFF7D0FF002803D1201C00F065FE10BD1F
:1004C0009E21201CC90500F0FBFB00F05DFE80238F
:1004D0001B069C466044F2E7F0B557464E4645463B
:1004E000DE46E0B504000D009246994683B08B428B
:1004F00030D82DD04946504600F0D4FE29000600E1
:10050000200000F0CFFE331A9846203B34D49B469F
:1005100053465A46934042461F00534693401E009E
:10052000AF423BD8AF4200D179E05B46A41BBD414E
:10053000002B00DA76E000220023009201930123D1
:100540005A4693400193012342469340009329E089
:100550008242CFD900220023009201930C9B002BF2
:1005600001D01C605D600098019903B0F0BCBB46EF
:10057000B246A946A046F0BD42469B4620239B1AA0
:100580005246DA40414613004A468A401700424626
:100590001F43534693401E00AF42C3D9002200239D
:1005A000009201934346002BD8D0FB0772081A43F0
:1005B00046467B080EE0AB4201D1A2420CD8A41AF9
:1005C0009D41012024196D410021013E24184D4117
:1005D000002E06D0AB42EED9013E24196D41002E0B
:1005E000F8D1009801995B4600196941002B24DB82
:1005F0002B005A464446D3402A00E2401C005B468A
:100600001500002B2ADB26009E40330026004746BB
:10061000BE403200801A9941009001919EE7A342AA
:10062000BCD882E74246202300219B1A0022009179
:1006300001920122DA40019285E7424620239B1A6B
:100640002A0046469A402300F340444613432A00BA
:10065000E2401C005B461500002BD4DA42462F0016
:100660002023260097409B1ADE403B003343CDE712
:10067000F0B546464F46D6464502C0B5C30F4700C3
:1006800098460E1C6D0A3F0E5BD0FF2F21D08023B1
:10069000ED00DB041D43002399469A467F3F740218
:1006A0007300640A1B0EF60F002B20D0FF2B43D0E3
:1006B00080220020E400D20414437F3B4246FF1A0C
:1006C0004B4672400F2B00D99DE071499B00CB58DF
:1006D0009F46002D5AD108239946063B74029A463C
:1006E0007300FF27640A1B0EF60F002BDED1002CCF
:1006F0003BD1012342464946724019430E2918D87E
:100700006448890041588F465346022B00D1B8E017
:10071000032B6ED042462C00012B40D10020002438
:10072000C0052043D2071043E0BCBA46B146A846F4
:10073000F0BDFF200024F3E7002C20D10223FF3F6F
:10074000D8E7002D05D104239946033B00279A469C
:10075000A5E7280000F088FD7627431F9D40002371
:100760007F4299469A463F1A99E7200000F07CFDA7
:10077000431F9C4076235B421B1A00209EE7032305
:100780004A461A4391460320FC3397E70C239946C7
:10079000093BFF279A4682E703282CD03200380015
:1007A0007F30002847DD630704D00F232340042B4C
:1007B00000D00434230103D53800374B80301C406F
:1007C000FE28B6DCA401640AC0B2A9E78024002296
:1007D000FF20E403A4E78023DB031D4201D01C4279
:1007E0000BD08024E4032C4364024246FF20640AB9
:1007F00096E746462C008023DB031C43640232004C
:10080000FF20640A8CE76D01600185422DD21B2315
:100810000024013F0126290064006D00002901DB4E
:10082000854201D32D1A3443013B002BF3D16B1EBB
:100830009D412C43B3E701231B1A1B2B00DD6DE701
:1008400021009E37D940BC400B00611E8C412343E0
:10085000590704D00F211940042900D0043359014D
:1008600013D49B0100205C0A5AE71A2301242D1A95
:10087000D0E7981E43425841404232000024C0B2A3
:100880004EE74246FF2000244AE70120002447E7C4
:1008900098BD0008D8BD0008FFFFFFF770B5420003
:1008A0004E024C0045026D0A120EC30F760A240E4A
:1008B000C90FFF2A10D0FF2C0CD00120A2420AD170
:1008C000B54208D18B420FD0002A04D12800431E24
:1008D000984100E0012070BD0120FF2CFBD1354381
:1008E000F9D14B401800F6E70020F4E730B542009C
:1008F00044024D02C30F4800640A120E6D0A000E36
:10090000C90FFF2A18D0FF280AD0002A1ED10028BC
:100910000AD1002D29D0002C2DD14800013830BD3E
:10092000002D25D1002A01D1002CF6D08B4219D000
:1009300001205B421843F2E7002C19D1FF28F7D1C0
:10094000002D15D100208B42F2D1E8E70028EFD02E
:100950008B42EDD18242EBDC04DBAC42E8D80020D4
:10096000AC42DCD258000138D9E7002CD7D0DFE701
:1009700002204042D3E78B42DAD1EEE730B54200A5
:1009800044024D02C30F4800640A120E6D0A000EA5
:10099000C90FFF2A17D0FF280AD0002A1BD1002830
:1009A0000AD1002D1DD0002C2DD14800013811E0B6
:1009B000002D0ED1002A01D1002CF6D08B420CD193
:1009C0005800013806E0002C03D1FF2805D1002D86
:1009D00015D0022030BD002806D101205B4218430B
:1009E000F8E7002CF6D0F8E78B42F6D18242F4DC2F
:1009F000E6DBAC42F1D80020AC42EBD2E0E70020CD
:100A00008B42EAD1E6E78B42E7D1F2E7F0B54F46F9
:100A10004646D6464400C0B546020F1C760A240E50
:100A2000C50F002C00D1DAE0FF2C74D08023F60033
:100A3000DB041E43002399469A467F3C7B025B0AF7
:100A400098467B001B0EFF0F002B74D0FF2B00D1AC
:100A50008EE042468021D200C90411437F3B2A0028
:100A6000E4184B467A408846D2B20A2B75DC4B46D6
:100A70000020022B0FDD494601238B40A621C9002F
:100A80000B4269D1902189000B4200D000E18821FE
:100A9000194200D0F5E041460904090C434608001C
:100AA000350C36041B0C360C704369435E435D43C2
:100AB0007618030C9B19994203D9802149028C4670
:100AC000654400041904000C09188E01701E86414B
:100AD0001B0C890E5B190E439B011E431B016CD43A
:100AE00023007F33002B00DCB1E0150071070BD031
:100AF0000F2021003040042806D00436320103D5EF
:100B00006E4B1E400B008033FE2B00DDBDE0B201BA
:100B1000520ADBB248E0002E00D092E0082399464A
:100B2000063B9A467B025B0A98467B00FF241B0E1D
:100B3000FF0F002B8AD14246002A64D14946013278
:100B4000114389460A2908DC7D400120EAB20229C6
:100B500091DC1500002227E015005346022B00D13E
:100B600093E0032B1AD0012B2CD1002300221BE091
:100B70004346FF34002B55D003214B460B4319004D
:100B80000A2B00DC92E00F2B00D08CE08022D203F5
:100B9000164203D04346134200D17DE08022D203A7
:100BA00032435202520AFF23D805ED07104328436F
:100BB000E0BCBA46B146A846F0BD01231500710855
:100BC0001E400E4323008033611C002B41DD720761
:100BD00094D00F223240042A00D08EE78EE7002EF8
:100BE00005D104239946033B00249A4626E73000AA
:100BF00000F03AFB7624431F9E400023644299464E
:100C00009A46241A1AE7404600F02EFB4B46241A57
:100C1000763C0A2BA1DC4346053883407D4098464C
:100C2000EAB224E74A46023313432A007A40D2B29A
:100C30000A2B92DC49461500002926D0994602204D
:100C400019E70C239946093BFF249A46F6E615005E
:100C500021000122D31A1B2B00DD86E79E313200D2
:100C60008E40DA40731E9E413243530704D00F2357
:100C70001340042B00D00432530110D5012300226D
:100C800092E73D004646824667E7FF2300228BE756
:100C900080220025D20386E73D001A4383E79201B4
:100CA0000023520A80E73D00464677E72A000123E9
:100CB0007A408B400320D2B2E9E6C046FFFFFFF73F
:100CC000F8B54746CE46430280B55F0A9B0945000A
:100CD0004A009C464B02C40FCE0F2D0E580A120E2E
:100CE0009909FF2A6BD001235E40AB1AB4424BD066
:100CF000002B00DCFFE0002A00D188E0FF2D00D1AE
:100D0000EFE08022D204114301201B2B08DC0800F5
:100D10002022D840D31A99400B005A1E9341184301
:100D200063461B1A9C4663465B0100D4CDE06346D4
:100D30009F01BF09380000F097FA3B000538834057
:100D4000854200DCA2E0B74A2D1A1A4094465A07A1
:100D500000D1C3E00F221340042B00D1BEE00423D6
:100D60009846C44463465B0100D4B7E0681CFE2D7E
:100D700000D0A5E0FF200022C0051043E407204377
:100D8000C0BCB946B046F8BD002B00DCEBE1002A40
:100D900046D0FF2D00D1A4E08022D20411431B2BAA
:100DA00000DCFBE0052398462B00C4446246D708CC
:100DB000FF2B00D195E07A02520AD8B2DCE72B0073
:100DC000FF3B9946002918D101235E40B44200D16F
:100DD000CAE04B46002B2DD0002D00D03CE1FF2374
:100DE0006446002C00D15FE15D1E012B00D174E14F
:100DF0003400FF2B74D02B0003E1B44200D19CE0FF
:100E0000002B17D0002DEAD0070034006CE0002939
:100E1000CCD05A1E012B2BD0FF2B62D0130073E7CE
:100E20000029C3D05A1E012B00D11EE1FF2B58D040
:100E30001300B4E7FE226B1C1A420DD1002D60D0C6
:100E40006346002B00D020E1002900D028E1802259
:100E50000024FF20D2038FE763465F1A7B0100D591
:100E6000FEE0002F00D065E700240020002283E789
:100E70006346591A4B0100D419E18F01BF093800AC
:100E800000F0F2F93B000538834001252022401B89
:100E90000130121A19009340C1405A1E9341194360
:100EA0008C460B1EE1D05B0700D152E10F230025D9
:100EB0000B40042B00D052E701204A0100D492E0FD
:100EC000C0B263469A01520A56E763465B0705D0F3
:100ED0000F2362461340042B00D040E72B0065E748
:100EE0000700002F00D145E78022D2033A43520287
:100EF000FF20520A40E7002B79D1FE226B1C1A42D8
:100F0000AAD16346002B00D1F5E0002900D1D1E041
:100F10005F1A8023DB041F4200D10EE162460124E8
:100F20008A1A944600203440002A00D124E7012088
:100F30001A42C6D10023D7083DE7002B17D0002D59
:100F400000D0AFE0FF236546002D00D1ADE05E1E6E
:100F5000012B00D189E0FF2BC2D01B2E00DCABE0BF
:100F60004B1D9C46130021E74B46002B70D1FE22FF
:100F70006B1C1A425ED1002D00D0C3E06346002BEB
:100F800000D1D0E0002900D194E00A00624453016E
:100F900000D4D8E092010120520AEDE60800202298
:100FA000D840D31A99400B005A1E934103439C44E6
:100FB00063465B0189D50135FF2D00D1DAE6624633
:100FC00001231949134052080A401A43130094465A
:100FD0005B0704D00F231340042B00D0BFE6634609
:100FE0005B0100D5C2E66346DF082B00E3E6531B36
:100FF000002D00D1F4E680206446C0040443A446DA
:10100000340001201B2B09DC20256046D840EB1A58
:1010100065469D402B005D1EAB4118430B1A9C4654
:10102000150080E6FFFFFFFBFFFFFF7DFE226B1C2C
:101030001342A3D0FF2B00D19CE6614449084A0724
:1010400049D00F220A40042A45D00A1D9446ADE635
:10105000002D00D176E78DE63400FF2000228BE6DC
:1010600063460124CF1A344064E661444B016DD5D8
:1010700048084449014043072CD00F230340042B68
:1010800028D00B1D9C46022390E6002900D12BE7B7
:101090008023DB039F4200D226E7984200D323E758
:1010A0000124344007001FE734008C467EE601230C
:1010B000CF0880E600237EE620206546801B854021
:1010C00063462800F340451EA84103439C46150093
:1010D0008C446DE70223CF086DE60F1B7B0128D5FA
:1010E000BF01BF09380000F0BFF83B00053883405E
:1010F00034000125CAE6002900D1B5E60124070025
:10110000344058E66346002B00D1E9E6002900D1BF
:10111000EAE68023DB039F4200D2E5E6984200D353
:10112000E2E60700E0E6002900D19EE60023CF08B2
:1011300041E634000123FF083DE6002F00D193E68D
:101140000023FF0837E60023D70834E60123CF0841
:1011500031E680220B00D20401201340114200D05E
:10116000AEE6CF0827E6002B00D15FE7561B002D27
:1011700001D13300E7E680236046DB041843844650
:10118000EBE6C046FFFFFF7D41024200C30F490A64
:101190000020120E7E2A03DD9D2A02DD094A9818DE
:1011A0007047802000040143952A07DC9620821AAC
:1011B000D1404842002BF3D10800F1E7963A914024
:1011C000F7E7C046FFFFFF7F70B5002812D0C317B6
:1011D000C5185D40C40F280000F046F89E231B1A76
:1011E000962B0FDC082838D0083885406D026D0A30
:1011F000D8B202E0002400200025C0052843E407FF
:10120000204370BD992B14DC421F95402A001549DC
:10121000114055071CD00F252A40042A18D004314C
:10122000CA08490115D59F235202181A550AC0B29F
:10123000E3E705222900121AD14002001B32954033
:101240002A00551EAA410A43064911405507E2D11A
:10125000CA085202550AD8B2CFE76D026D0A8E3025
:10126000CBE7C046FFFFFFFB1C2101231B04984274
:1012700001D3000C10391B0A984201D3000A083927
:101280001B09984201D30009043902A2105C4018DE
:101290007047C04604030202010101010000000082
:1012A0000000000010B5002903D1FFF7DDFF20305A
:1012B00002E00800FFF7D8FF10BDC04690B589B026
:1012C00004AF04000800BA6019000E23FB18221CAA
:1012D0001A800C243B19021C1A80BB1D0A1C1A80A0
:1012E0003B191A880B4801235B420293BB1D1B88E4
:1012F0000193BB6800930123D52105F059FA031E21
:1013000001D1002301E001235B421800BD4605B076
:1013100090BDC0461C01002090B589B004AF040008
:101320000800BA6019000E23FB18221C1A800C2436
:101330003B19021C1A80BB1D0A1C1A803B191A8813
:101340000B4801235B420293BB1D1B880193BB68C2
:1013500000930123D52105F059FB031E01D1002381
:1013600001E001235B421800BD4605B090BDC046B8
:101370001C01002080B588B000AF3B0000229A60BD
:101380003B00D5221A733B0000221A603B0000226A
:101390005A603B00354A9A613B00354ADA613B00AE
:1013A000344A1A613B00344A5A613A00334B110007
:1013B000180000F06DFC031E02D001235B4251E0D7
:1013C0002E4B180000F0C6FC031E02D001235B4226
:1013D00048E02A4B180000F04AFD031E02D001230A
:1013E0005B423FE0264A254B111C180000F062FDCD
:1013F000031E02D001235B4234E0204B022118007F
:1014000000F075FD031E02D001235B422AE01B4B56
:101410000021180000F0D6FD031E02D001235B421C
:1014200020E0184B1A78154B1100180000F052FEFE
:10143000031E02D001235B4214E0104B0021180070
:1014400000F062FE031E02D001235B420AE00B4B58
:101450000121180000F095FD031E02D001235B421C
:1014600000E000231800BD4608B080BD0D5B0008F9
:10147000215B0008BD120008191300083800002085
:101480000000D0420000002080B582B000AF3A00DA
:101490000B4B1100180001F06BFC031E0AD13B003E
:1014A0001B7802221340DBB2002B01D0012302E0A3
:1014B000002300E000231800BD4602B080BDC046F6
:1014C0005800002080B500AF024B1B781800BD46C5
:1014D00080BDC0461901002080B500AF024B00223C
:1014E0001A70C046BD4680BD1901002080B500AF0E
:1014F000FFF7CAFF03001A00044B1A7002F0EAFB60
:1015000002F0F0FBC046BD4680BDC0461901002078
:1015100080B586B004AF0200FB1D1A70BB1D0A1C0B
:101520001A70FB1D1B789AB20748642302930123AB
:101530000193BB1D00930123D62105F039F9030067
:101540001800BD4602B080BD1C01002080B586B0E9
:1015500004AF02003960FB1D1A70FB1D1B789AB2A4
:10156000074864230293012301933B6800930123FE
:10157000D62105F04BFA03001800BD4602B080BD2D
:101580001C010020F0B589B004AF02003960FB1DDA
:101590001A70FB1D1B789AB20F26BC1912486423DF
:1015A0000293022301930C257B1900930123D6217A
:1015B00005F02CFA03002370BB191B78002B0CD10B
:1015C0007B195B781BB21B021AB27B191B781BB20A
:1015D00013431BB29AB23B681A800F23FB181B7887
:1015E0001800BD4605B0F0BD1C01002080B582B0DA
:1015F00000AFFB1D19001620FFF7A8FF031E01D046
:10160000012314E0FB1D1B7820221343DAB2FB1DDB
:101610001A70FB1D1B7803229343DAB2FB1D1A706C
:10162000FB1D1B7819001620FFF772FF030018003E
:10163000BD4602B080BD80B584B000AF0200FB1D86
:101640001A700F23FB1819001C20FFF77FFF031EE1
:1016500001D001231DE0FB1D1B78002B09D00F21B9
:101660007B181B78802252421343DAB27B181A701F
:1016700007E00F217B181B787F221340DAB27B181A
:101680001A700F23FB181B7819001C20FFF740FF6E
:1016900003001800BD4604B080BD80B584B000AF23
:1016A0000200FB1D1A700F23FB1819002B20FFF7F7
:1016B0004DFF031E01D001231DE0FB1D1B78002BF5
:1016C00009D00F217B181B78802252421343DAB2D3
:1016D0007B181A7007E00F217B181B787F221340BC
:1016E000DAB27B181A700F23FB181B7819002B2015
:1016F000FFF70EFF03001800BD4604B080BD0000D8
:1017000080B586B000AF3B1D180003231A000021EE
:101710000AF000FBFB1C19002120FFF717FF031E36
:1017200010D1FB1C1B7807221340DAB23B1D1A7044
:10173000FB1C1B78DB08DBB207221340DAB23B1D2F
:101740005A7005E03B1DFF221A703B1DFF225A70A4
:101750003B0019003520FFF715FF031E41D13B0068
:101760001B885B089AB212217B181205120D1A8091
:101770007B181B881800FFF727FD031C2B49181C3A
:10178000FFF744F9031CFB602949F868FEF770FF76
:10179000031C2849181CFFF793FA031C2649181C40
:1017A000FEF766FF031C2549181CFFF72FF9031CE1
:1017B0007B6100217869FEF72FFE031E01D0002314
:1017C0007B611E497869FEF73BFE031E01D01B4B6F
:1017D0007B617869FEF768FE0300DAB23B1D9A7000
:1017E00002E03B1DFF229A7008203B183A1D118829
:1017F000198092789A703A1800231178FF200140DE
:10180000FF2083430B435178FF20014009020C481D
:1018100003400B439278FF210A40120409490B4010
:1018200013431800BD4606B080BDC0460000A03F6F
:1018300000007A44000040409899993F0000C84257
:10184000FF00FFFFFFFF00FF80B582B000AF020086
:10185000FB1D1A70FB1D1A7880231B010348190019
:1018600004F09FFCC046BD4602B080BD000400509D
:1018700080B500AF0020FFF7E7FF0120FFF7DBFE98
:101880000120FFF70AFFFFF7B1FE03001800BD4675
:1018900080BD000080B500AF034B180005F06CFB65
:1018A000C046BD4680BDC04670010020B0B500AF47
:1018B000124B134A13CA13C313CA13C303CA03C375
:1018C0001188198092789A700E4A0C4B11001800FA
:1018D00002F09AFE0C4B0B4A13CA13C313CA13C36C
:1018E00003CA03C312881A80064B5A78074B1A7032
:1018F000074B01221A70C046BD46B0BD70000020E3
:10190000B800002094000020DC000020010000202E
:10191000FE00002080B582B000AF786008001100A2
:10192000FB1C021C1A703B000A1C1A807B681A6898
:10193000124B1B689A421DD1FB1C1B78002B0FD148
:101940000F4B00221A700F4B03221A700D4B1B789D
:101950001A0080239B040C49786805F04BFA09E0D3
:101960000A4B1B7802339AB280239B04084978689B
:1019700005F080F9C046BD4602B080BD7001002070
:101980000001002002000020B8000020010000201B
:10199000DC00002080B584B000AF78607B681A68F6
:1019A000194B1B689A422CD1184B1A78184B1B788C
:1019B000D318DAB2154B1A70144B1B78032B1BD1BA
:1019C0000F217B18134A92781A700A00BB181B78F3
:1019D000002B11D00E4BBA1812781A700B4B1B78D3
:1019E0001A000C4BD1180A4B1B781A0080239B0459
:1019F000786805F0FFF904E0FFF758FF064B002276
:101A00001A70BD4604B080BD7001002000010020A6
:101A100002000020B8000020FF00002080B582B046
:101A200000AF78607B681A68054B1B689A4203D147
:101A30007B68180005F0A0FAC046BD4602B080BD24
:101A400070010020B0B588B004AFF86008007A607B
:101A500019000B243B19021C1A7008257B190A1C5B
:101A60001A803B191B789AB2F86801235B420293F3
:101A70007B191B8801937B6800930123B52104F037
:101A800097FE03001800BD4604B0B0BDF0B58BB0A2
:101A900004AFF86008007A6019000B243B19021C9F
:101AA0001A7008257B190A1C1A803B191B789AB2F8
:101AB0001726BC19F86801235B4202937B191B8827
:101AC00001937B6800930123B52104F09FFF03007D
:101AD0002370BB191B781800BD4607B0F0BD00008D
:101AE00080B582B000AF1C4B1C4A1A601A4B1C4ACE
:101AF0005A60194B1B4ADA60174B1B4A9A603B1D10
:101B000000221A703B1D00225A703B1D124A1968B0
:101B1000100003F03EF9104B0621180003F009F9FC
:101B2000124B1A880C4B1100180003F0B3FA0F4B3C
:101B30001A88094B1100180003F005FB064B02211F
:101B4000180003F0BCF8044B0121180003F0D3FB8C
:101B5000C046BD4602B080BD04010020451A000801
:101B60008D1A00081C010020215B000804000020E1
:101B700080B582B000AF0200FB1D1A70FB1D1A7801
:101B8000064B1100180002F061FF044B0121180000
:101B900002F0C6FFC046BD4602B080BD0401002071
:101BA00080B582B000AF78607A68054B11001800EC
:101BB00003F039F803001800BD4602B080BDC046EE
:101BC0000401002080B582B000AF78607A68054BD0
:101BD0001100180003F04DF803001800BD4602B0D4
:101BE00080BDC0460401002080B582B000AFFA1C61
:101BF00010480123252102F035FE03007B607B683D
:101C0000002B11D1FB1C1B781A000423134001D0B8
:101C100004230AE0FB1C1B781A000223134001D0A6
:101C2000022302E0002300E000231800BD4602B0BA
:101C300080BDC0460401002080B500AFFFF7D4FF8F
:101C40000300DAB2034B1A70024B1B781800BD4632
:101C500080BDC0461801002080B500AF024B0022B5
:101C60001A70C046BD4680BD1801002080B500AF87
:101C7000FFF7E2FF0300DAB2044B1A7002F02AF811
:101C800002F030F8C046BD4680BDC04618010020B5
:101C900080B584B000AF786039600023FB607B685A
:101CA000002B03D101235B42FB604AE03B681A68CA
:101CB0007B681A603B685A687B685A603B689A6820
:101CC0007B689A603B681A7B7B681A733B681A6969
:101CD0007B681A613B685A697B685A613B689A69FC
:101CE0007B689A617B68194A5A627B68184A1A6253
:101CF0003B68DA697B689A627B687A68DA627B683B
:101D00001B68002B1DD07B681B689847031E18D1E9
:101D10007B689B68022B14D17B6830229B5C002B74
:101D20000FD10B217B180C221A707B181A787B6854
:101D30001221180000F006F9031E02D001235B42B5
:101D4000FB60FB681800BD4604B080BD512300084D
:101D50009523000880B582B000AF78607B6820339F
:101D60000121180001F07EF8031E02D001235B421E
:101D700079E07B680021180000F0E0F9031E02D032
:101D800001235B426FE07B6820330121180001F0E2
:101D9000F7F8031E02D001235B4264E07B68203326
:101DA0000121180001F0BCF8031E02D001235B42A0
:101DB00059E07B6820330121180001F0E1F8031E8F
:101DC00002D001235B424EE07B68203301211800E2
:101DD00000F09EFF031E02D001235B4243E07B68BC
:101DE00020330021180001F00FFE031E02D0012352
:101DF0005B4238E07B683322042199547B682033AE
:101E00000021180000F06AFB031E02D001235B4290
:101E100029E07B6820330021180000F02FFB031E0F
:101E200002D001235B421EE07B68342204219954D6
:101E30007B6820330021180000F075FD031E02D0DE
:101E400001235B420FE07B6820330C21180000F077
:101E50003AFD031E02D001235B4204E07B6830227E
:101E60000121995400231800BD4602B080BD80B501
:101E700082B000AF78607B6831229B5C012B01D17E
:101E8000002313E07B6820331A007B6833215B5CFE
:101E90001900100000F022FB031E02D001235B4258
:101EA00004E07B6831220121995400231800BD46CB
:101EB00002B080BD80B582B000AF786039607B68C9
:101EC00031229B5C012B07D13A687B68111C1800FA
:101ED00000F060F9030006E03A687B68111C180006
:101EE00000F0CEF903001800BD4602B080BD80B5F9
:101EF00084B000AF786039603B68022B0BDD3B6833
:101F0000042B06DD3B68082B01DC032304E00123DE
:101F100002E0022300E000230F217A1813707B688F
:101F200020331A007B181B781900100000F0A6FA65
:101F3000031E02D001235B4200E000231800BD46CF
:101F400004B080BD80B582B000AF78600800110099
:101F5000FB1C021C1A70BB1C0A1C1A707B68203305
:101F60001800BA1CFB1C1978012300F05EFA031E4E
:101F700002D001235B4200E000231800BD4602B0FE
:101F800080BD80B582B000AF78600A00FB1C1A707B
:101F9000FB1C1B78012B02D901235B420EE07B68FE
:101FA00020331A00FB1C1B781900100001F050FCB4
:101FB000031E02D001235B4200E000231800BD464F
:101FC00002B080BD80B588B000AF78600A00FB1C0D
:101FD0001A700023FB613E4A7B68111C1800FFF752
:101FE00069FF031E02D001235B426CE07B68022183
:101FF0001800FFF77CFF031E02D001235B4262E062
:102000007B6820330021180001F0CEFC031E02D0B3
:1020100001235B4257E07B6820330221180001F066
:1020200093FC031E02D001235B424CE0FB1C1B7897
:10203000002B02D0012B1FD03DE07B6820331422FF
:10204000BA181100180001F08CF9031E02D0012308
:102050005B4238E014203B185A7820210A435A701A
:102060007B6820333A181100180000F0B9FF031EF6
:1020700025D001235B4226E07B6820330C22BA186E
:102080001100180001F082FB031E02D001235B4205
:1020900019E00C203B185A7820210A435A707B68BB
:1020A00020333A181100180001F0BDF9031E08D0C2
:1020B00001235B4207E001235B42FB6102E0C04673
:1020C00000E0C046FB691800BD4608B080BDC046B0
:1020D0000000D04380B582B000AF78600A00FB1CDE
:1020E0001A707B6820331A00FB1C1B781900100043
:1020F00001F02AFC031E02D001235B4200E0002312
:102100001800BD4602B080BD80B582B000AF7860D7
:102110000A00FB1C1A707B6820331A00FB1C1B781A
:102120001900100001F040FC031E02D001235B42A5
:1021300000E000231800BD4602B080BD80B584B029
:1021400000AF78600A00FB1C1A700023FB60FB1CC8
:102150001B78012B07D0FB1C1B78022B01D102231B
:1021600002E0002300E001230B217A1813707B6842
:1021700020331A007B181B781900100000F0A2FE13
:10218000031E02D001235B42FB60FB681800BD46C2
:1021900004B080BD80B584B000AF786039602F494D
:1021A0003868FEF743F9031E01D0012340E02C49B3
:1021B0003868FEF73BF9031E01D0022338E02949B5
:1021C0003868FEF733F9031E01D0032330E02649B7
:1021D0003868FEF72BF9031E01D0042328E02349B9
:1021E0003868FEF723F9031E01D0052320E02049BB
:1021F0003868FEF71BF9031E01D0062318E01D49BD
:102200003868FEF713F9031E01D0072310E01A49BE
:102210003868FEF70BF9031E01D0082308E01749C0
:102220003868FEF703F9031E01D0092300E00A23F2
:102230000F217A1813707B6820331A007B181B78E3
:102240001900100000F04AF9031E02D001235B427E
:1022500000E000231800BD4604B080BD00004841E6
:102260000000D041000050420000D0420000504326
:102270000000D043004050440040D044004050454E
:1022800080B582B000AF7860396028493868FEF7C1
:10229000CDF8031E01D0012340E025493868FEF740
:1022A000C5F8031E01D0022338E022493868FEF742
:1022B000BDF8031E01D0032330E01F493868FEF744
:1022C000B5F8031E01D0042328E01C493868FEF746
:1022D000ADF8031E01D0052320E019493868FEF748
:1022E000A5F8031E01D0062318E016493868FEF74A
:1022F0009DF8031E01D0072310E013493868FEF74C
:1023000095F8031E01D0082308E010493868FEF74D
:102310008DF8031E01D0092300E00A237A683321D7
:10232000535400231800BD4602B080BD0000484150
:102330000000D041000050420000D0420000504355
:102340000000D043004050440040D044004050457D
:10235000F0B587B000AFF86008007A6019000B256F
:102360007B19021C1A700826BB190A1C1A80FB680C
:102370007B617B695C697B691B7B18007B191B781F
:1023800099B2BB191B887A68A04703001800BD46A4
:1023900007B0F0BDF0B587B000AFF86008007A6014
:1023A00019000B257B19021C1A700826BB190A1C80
:1023B0001A80FB687B617B691C697B691B7B180049
:1023C0007B191B7899B2BB191B887A68A047030058
:1023D0001800BD4607B0F0BDB0B586B000AFF860DC
:1023E00008007A6019000B23FB18021C1A700823DE
:1023F000FB180A1C1A80FB68002B02D101235B42E8
:102400000FE0FB685C68FB68D8680823FB181D8830
:102410007A680B23FB1819782B00A04703007B6117
:102420007B691800BD4606B0B0BDB0B586B000AF40
:10243000F86008007A6019000B23FB18021C1A7060
:102440000823FB180A1C1A80FB68002B02D1012309
:102450005B420FE0FB681C68FB68D8680823FB1828
:102460001D887A680B23FB1819782B00A0470300FE
:102470007B617B691800BD4606B0B0BD90B585B0E4
:1024800000AF78600A00FB1C1A7008243A197868BB
:1024900001231021FFF7A0FF0300FB60FB68002B66
:1024A00017D1FB1C1B7803221340DAB23B1903211E
:1024B0000A4090001A780C218A43111C021C0A431E
:1024C0001A703A19786801231021FFF7AEFF030054
:1024D000FB60FB681800BD4605B090BD90B587B0A5
:1024E00000AF78600A00FB1C1A701723FB18FA1C57
:1024F00012781A700C243A197B681100180001F048
:10250000B3FA03003B613B69002B00D005E12100D9
:102510007B181B78DB07DB0FDAB27B181B789B0775
:10252000DB0FDBB21343DAB27B181B785B07DB0FE0
:10253000DBB21343DAB27B181B781B07DB0FDBB26D
:102540001343DAB27B181B78DB06DB0FDBB21343D5
:10255000DAB27B181B789B06DB0FDBB21343DAB2CF
:102560007B181B785B06DB0FDBB21343DAB27B18F8
:102570001B781B06DB0FDBB21343DAB27B185B78E8
:10258000DB07DB0FDBB21343DAB27B185B789B0708
:10259000DB0FDBB21343DAB27B185B785B07DB0F30
:1025A000DBB21343DAB27B185B781B07DB0FDBB2BD
:1025B0001343DAB27B185B78DB06DB0FDBB2134325
:1025C000DAB27B185B789B06DB0FDBB21343DAB21F
:1025D0007B185B785B06DB0FDBB21343DAB27B1848
:1025E0005B781B06DB0FDBB21343DBB2012B00D0A1
:1025F00093E00B243A197B681100180001F066FA89
:1026000003003B613B69002B00D086E03B191B783F
:10261000032B52D000DD7AE0022B2DD000DD76E0D6
:10262000002B02D0012B0FD071E0FB1C1B78002B7C
:1026300004D11723FB1801221A706EE01723FB1830
:10264000FA1C12781A7068E0FB1C1B78002B04D16E
:102650001723FB1802221A705FE0FB1C1B78012B6A
:1026600004D11723FB1802221A7056E01723FB1817
:10267000FA1C12781A7050E0FB1C1B78002B04D156
:102680001723FB1803221A7047E0FB1C1B78012B51
:1026900004D11723FB1803221A703EE0FB1C1B78A1
:1026A000022B04D11723FB1803221A7035E01723DD
:1026B000FB18FA1C12781A702FE0FB1C1B78002BF9
:1026C00004D11723FB1804221A7026E0FB1C1B7888
:1026D000012B04D11723FB1804221A701DE0FB1CE8
:1026E0001B78022B04D11723FB1804221A7014E064
:1026F000FB1C1B78032B04D11723FB1804221A7030
:102700000BE01723FB18FA1C12781A7005E0172348
:10271000FB18FA1C12781A70C0460A217B18002296
:102720001A703B69002B00D0A1E00C007A187B687E
:102730001100180001F016FA03003B613B191B78E9
:10274000012B00D093E009243A197B68110018008E
:1027500001F038FA03003B613B69002B00D086E0B2
:102760003B191B78032B52D000DD7AE0022B2DD0D1
:1027700000DD76E0002B02D0012B0FD071E0FB1CB6
:102780001B78002B04D11723FB1801221A706EE06E
:102790001723FB18FA1C12781A7068E0FB1C1B78D0
:1027A000002B04D11723FB1802221A705FE0FB1CD8
:1027B0001B78012B04D11723FB1802221A7056E054
:1027C0001723FB18FA1C12781A7050E0FB1C1B78B8
:1027D000002B04D11723FB1803221A7047E0FB1CBF
:1027E0001B78012B04D11723FB1803221A703EE03B
:1027F000FB1C1B78022B04D11723FB1803221A7031
:1028000035E01723FB18FA1C12781A702FE0FB1C16
:102810001B78002B04D11723FB1804221A7026E022
:10282000FB1C1B78012B04D11723FB1804221A7000
:102830001DE0FB1C1B78022B04D11723FB1804227C
:102840001A7014E0FB1C1B78032B04D11723FB1810
:1028500004221A700BE01723FB18FA1C12781A7066
:1028600005E01723FB18FA1C12781A70C0463B6962
:10287000002B08D10823FA18786801231021FFF7EC
:10288000ABFD03003B613B69002B17D11723FB18FD
:102890001B780F221340DAB208243B1910011A7872
:1028A0000F210A40111C021C0A431A703A19786859
:1028B00001231021FFF7B9FD03003B613B691800BC
:1028C000BD4607B090BD90B585B000AF78600A00F6
:1028D000FB1C1A7008243A19786801231121FFF7AC
:1028E0007BFD0300FB60FB68002B17D1FB1C1B78F2
:1028F0000F221340DAB23B190F210A4010001A7858
:102900000F218A43111C021C0A431A703A19786875
:1029100001231121FFF789FD0300FB60FB6818000C
:10292000BD4605B090BD90B587B000AF78600A0095
:10293000FB1C1A701723FB18FA1C12781A700C244F
:102940003A197B681100180001F08EF803003B6112
:102950003B69002B00D005E121007B181B78DB07C9
:10296000DB0FDAB27B181B789B07DB0FDBB213435C
:10297000DAB27B181B785B07DB0FDBB21343DAB2EA
:102980007B181B781B07DB0FDBB21343DAB27B1813
:102990001B78DB06DB0FDBB21343DAB27B181B7844
:1029A0009B06DB0FDBB21343DAB27B181B785B06A6
:1029B000DB0FDBB21343DAB27B181B781B06DB0F8D
:1029C000DBB21343DAB27B185B78DB07DB0FDBB2D9
:1029D0001343DAB27B185B789B07DB0FDBB2134340
:1029E000DAB27B185B785B07DB0FDBB21343DAB23A
:1029F0007B185B781B07DB0FDBB21343DAB27B1863
:102A00005B78DB06DB0FDBB21343DAB27B185B7853
:102A10009B06DB0FDBB21343DAB27B185B785B06F5
:102A2000DB0FDBB21343DAB27B185B781B06DB0FDC
:102A3000DBB21343DBB2012B00D093E00B243A1935
:102A40007B681100180001F041F803003B613B690D
:102A5000002B00D086E03B191B78032B52D000DD01
:102A60007AE0022B2DD000DD76E0002B02D0012B86
:102A70000FD071E0FB1C1B78002B04D11723FB182F
:102A800001221A706EE01723FB18FA1C12781A70D4
:102A900068E0FB1C1B78002B04D11723FB180222D3
:102AA0001A705FE0FB1C1B78012B04D11723FB1865
:102AB00002221A7056E01723FB18FA1C12781A70BB
:102AC00050E0FB1C1B78002B04D11723FB180322BA
:102AD0001A7047E0FB1C1B78012B04D11723FB184D
:102AE00003221A703EE0FB1C1B78022B04D1172333
:102AF000FB1803221A7035E01723FB18FA1C127812
:102B00001A702FE0FB1C1B78002B04D11723FB1835
:102B100004221A7026E0FB1C1B78012B04D117231A
:102B2000FB1804221A701DE0FB1C1B78022B04D139
:102B30001723FB1804221A7014E0FB1C1B78032BCC
:102B400004D11723FB1804221A700BE01723FB187B
:102B5000FA1C12781A7005E01723FB18FA1C127879
:102B60001A70C0460A217B1800221A703B69002B9C
:102B700000D0A1E00C007A187B681100180000F06A
:102B8000F1FF03003B613B191B78012B00D093E060
:102B900009243A197B681100180001F013F80300AA
:102BA0003B613B69002B00D086E03B191B78032B6F
:102BB00052D000DD7AE0022B2DD000DD76E0002B34
:102BC00002D0012B0FD071E0FB1C1B78002B04D12D
:102BD0001723FB1801221A706EE01723FB18FA1C4A
:102BE00012781A7068E0FB1C1B78002B04D11723A5
:102BF000FB1802221A705FE0FB1C1B78012B04D12A
:102C00001723FB1802221A7056E01723FB18FA1C30
:102C100012781A7050E0FB1C1B78002B04D117238C
:102C2000FB1803221A7047E0FB1C1B78012B04D110
:102C30001723FB1803221A703EE0FB1C1B78022BA3
:102C400004D11723FB1803221A7035E01723FB1851
:102C5000FA1C12781A702FE0FB1C1B78002B04D191
:102C60001723FB1804221A7026E0FB1C1B78012B8B
:102C700004D11723FB1804221A701DE0FB1C1B78DB
:102C8000022B04D11723FB1804221A7014E0FB1C3A
:102C90001B78032B04D11723FB1804221A700BE0B6
:102CA0001723FB18FA1C12781A7005E01723FB187B
:102CB000FA1C12781A70C0463B69002B08D1082311
:102CC000FA18786801231121FFF786FB03003B61A6
:102CD0003B69002B17D11723FB181B780F221340D9
:102CE000DAB208243B1910011A780F210A40111C8E
:102CF000021C0A431A703A19786801231121FFF760
:102D000094FB03003B613B691800BD4607B090BDD2
:102D100090B585B000AF78600A00FB1C1A700824DB
:102D20003A19786801231221FFF756FB0300FB6074
:102D3000FB68002B17D1FB1C1B7801221340DAB271
:102D40003B1901210A4090011A7840218A43111C45
:102D5000021C0A431A703A19786801231221FFF7FE
:102D600064FB0300FB60FB681800BD4605B090BD26
:102D700080B584B000AF786039603A687868012324
:102D80001A21FFF729FB0300FB60FB68002B08D129
:102D90003B685A1C786801231B21FFF71DFB0300C9
:102DA000FB60FB68002B08D13B689A1C7868012304
:102DB0001C21FFF711FB0300FB60FB68002B08D10F
:102DC0003B68DA1C786801231D21FFF705FB03002F
:102DD000FB60FB68002B08D13B681A1D7868012353
:102DE0001E21FFF7F9FA0300FB60FB68002B06D1F8
:102DF0007B680221180000F065F80300FB60FB68A7
:102E0000002B08D13B685A1D786801231221FFF777
:102E1000E3FA0300FB60FB68002B08D13B689A1DB6
:102E2000786801231321FFF7D7FA0300FB60FB68E2
:102E3000002B08D13B68DA1D786801231421FFF7C5
:102E4000CBFA0300FB60FB68002B06D17B680021F6
:102E5000180000F037F80300FB60FB681800BD465F
:102E600004B080BD90B585B000AF78600A00FB1C4F
:102E70001A7008243A19786801231821FFF7ACFA70
:102E80000300FB60FB68002B17D1FB1C1B780122A1
:102E90001340DAB23B1901210A4090181A78022136
:102EA0008A43111C021C0A431A703A1978680123DC
:102EB0001821FFF7BAFA0300FB60FB681800BD4653
:102EC00005B090BD90B585B000AF78600A00FB1CDE
:102ED0001A7008243A19786801230121FFF77CFA57
:102EE0000300FB60FB68002B15D1FB1C1B78032241
:102EF0001340DAB23B1990011A783F210A40111CA5
:102F0000021C0A431A703A19786801230121FFF75D
:102F10008CFA0300FB60FB681800BD4605B090BD4D
:102F200090B585B000AF78600A00FB1C1A700824C9
:102F30003A19786801231221FFF74EFA0300FB606B
:102F4000FB68002B17D1FB1C1B7801221340DAB25F
:102F50003B1901210A4010001A7801218A43111CF3
:102F6000021C0A431A703A19786801231221FFF7EC
:102F70005CFA0300FB60FB681800BD4605B090BD1D
:102F800090B585B000AF78600A00FB1C1A70082469
:102F90003A19786801231221FFF71EFA0300FB603B
:102FA000FB68002B17D1FB1C1B7801221340DAB2FF
:102FB0003B1901210A4090001A7804218A43111C10
:102FC000021C0A431A703A19786801231221FFF78C
:102FD0002CFA0300FB60FB681800BD4605B090BDED
:102FE00090B585B000AF786039607B680221180029
:102FF000FFF768FF0300FB60FB68002B08D13B680C
:103000005A1D786801230D21FFF70FFA0300FB60BA
:10301000FB68002B08D13B689A1C786801230A21C1
:10302000FFF703FA0300FB60FB68002B08D13B6845
:10303000DA1C786801230B21FFF7F7F90300FB6026
:10304000FB68002B08D13B681A1D786801230C210E
:10305000FFF7EBF90300FB60FB68002B06D17B68F0
:1030600000211800FFF72EFF0300FB60FB68002B18
:1030700000D0D6E03B689B781B06DB0FDAB23B68DA
:103080009B789B06DB0FDBB21343DAB23B689B787D
:103090001B07DB0FDBB21343DAB23B689B78DB061E
:1030A000DB0FDBB21343DAB23B68DB78DB07DB0F05
:1030B000DBB21343DAB23B68DB789B07DB0FDBB292
:1030C0001343DAB23B68DB785B07DB0FDBB21343F9
:1030D000DAB23B68DB781B07DB0FDBB21343DAB2F3
:1030E0003B68DB78DB06DB0FDBB21343DAB23B680D
:1030F000DB789B06DB0FDBB21343DAB23B68DB788D
:103100005B06DB0FDBB21343DAB23B68DB781B06EE
:10311000DB0FDBB21343DAB23B681B79DB07DB0F53
:10312000DBB21343DAB23B681B799B07DB0FDBB2E0
:103130001343DAB23B681B795B07DB0FDBB2134347
:10314000DAB23B681B791B07DB0FDBB21343DAB241
:103150003B681B79DB06DB0FDBB21343DAB23B685B
:103160001B799B06DB0FDBB21343DAB23B681B799A
:103170005B06DB0FDBB21343DAB23B681B791B063D
:10318000DB0FDBB21343DAB23B685B79DB07DB0FA3
:10319000DBB21343DAB23B685B799B07DB0FDBB230
:1031A0001343DAB23B685B795B07DB0FDBB2134397
:1031B000DAB23B685B791B07DB0FDBB21343DAB291
:1031C0003B685B79DB06DB0FDBB21343DAB23B68AB
:1031D0005B799B06DB0FDBB21343DAB23B685B79AA
:1031E0005B06DB0FDBB21343DAB23B685B791B068D
:1031F000DB0FDBB21343DBB2002B05D03B685A7800
:1032000002210A435A7004E03B685A7802218A433B
:103210005A703A68786801230D21FFF706F9030018
:10322000FB60FB68002B08D13B685A1C78680123BF
:103230005E21FFF7FAF80300FB60FB68002B00D06B
:103240007EE008243A19786801235821FFF7C4F872
:103250000300FB603B681B781B06DB0FDAB23B68A0
:103260001B785B07DB0FDBB21343DAB23B681B78DA
:103270005B06DB0FDBB21343DAB23B681B789B07BC
:10328000DB0FDBB21343DAB23B681B78DB07DB0FE3
:10329000DBB21343DAB23B681B789B06DB0FDBB271
:1032A0001343DAB23B681B78DB06DB0FDBB2134358
:1032B000DAB23B681B781B07DB0FDBB21343DAB2D1
:1032C0003B685B78DB07DB0FDBB21343DAB23B68AA
:1032D0005B785B07DB0FDBB21343DAB23B685B78EA
:1032E0001B07DB0FDBB21343DAB23B685B78DB060C
:1032F000DB0FDBB21343DAB23B685B789B06DB0F74
:10330000DBB21343DAB23B685B785B06DB0FDBB200
:103310001343DAB23B685B781B06DB0FDBB2134367
:10332000DBB2002B06D03B191A78802149420A43B0
:103330001A7005E00823FB181A787F210A401A70DA
:10334000FB68002B08D10823FA187868012358215C
:10335000FFF76BF80300FB60FB681800BD4605B083
:1033600090BD80B584B000AF786039607B68022181
:103370001800FFF7A7FD0300FB60FB68002B08D1D6
:103380003B685A1D786801230D21FFF725F80300DB
:10339000FB60FB68002B08D13B689A1C786801230E
:1033A0000A21FFF719F80300FB60FB68002B08D126
:1033B0003B68DA1C786801230B21FFF70DF8030046
:1033C000FB60FB68002B08D13B681A1D786801235D
:1033D0000C21FFF701F80300FB60FB68002B06D10E
:1033E0007B6800211800FFF76DFD0300FB60FB68A0
:1033F000002B07D13A68786801230D21FEF7ECFF16
:103400000300FB60FB68002B08D13B685A1C7868FE
:1034100001235E21FEF7E0FF0300FB60FB6818005C
:10342000BD4604B080BD80B584B000AF786039601F
:103430007B6802211800FFF745FD0300FB60FB6875
:10344000002B08D13B685A1D786801231121FEF733
:10345000ECFF0300FB60FB68002B08D13B689A1C63
:10346000786801230E21FEF7E0FF0300FB60FB6894
:10347000002B08D13B68DA1C786801230F21FEF786
:10348000D4FF0300FB60FB68002B08D13B681A1DCA
:10349000786801231021FEF7C8FF0300FB60FB687A
:1034A000002B06D17B6800211800FFF70BFD0300FD
:1034B000FB60FB68002B00D0D6E03B689B781B07C5
:1034C000DB0FDAB23B689B78DB06DB0FDBB2134322
:1034D000DAB23B689B789B06DB0FDBB21343DAB2B0
:1034E0003B689B781B06DB0FDBB21343DAB23B6809
:1034F000DB78DB07DB0FDBB21343DAB23B68DB7848
:103500009B07DB0FDBB21343DAB23B68DB785B0768
:10351000DB0FDBB21343DAB23B68DB781B07DB0F50
:10352000DBB21343DAB23B68DB78DB06DB0FDBB2DE
:103530001343DAB23B68DB789B06DB0FDBB2134345
:10354000DAB23B68DB785B06DB0FDBB21343DAB23F
:103550003B68DB781B06DB0FDBB21343DAB23B6858
:103560001B79DB07DB0FDBB21343DAB23B681B7955
:103570009B07DB0FDBB21343DAB23B681B795B07B7
:10358000DB0FDBB21343DAB23B681B791B07DB0F9F
:10359000DBB21343DAB23B681B79DB06DB0FDBB22D
:1035A0001343DAB23B681B799B06DB0FDBB2134394
:1035B000DAB23B681B795B06DB0FDBB21343DAB28E
:1035C0003B681B791B06DB0FDBB21343DAB23B68A7
:1035D0005B79DB07DB0FDBB21343DAB23B685B7965
:1035E0009B07DB0FDBB21343DAB23B685B795B0707
:1035F000DB0FDBB21343DAB23B685B791B07DB0FEF
:10360000DBB21343DAB23B685B79DB06DB0FDBB27C
:103610001343DAB23B685B799B06DB0FDBB21343E3
:10362000DAB23B685B795B06DB0FDBB21343DAB2DD
:103630003B685B791B06DB0FDBB21343DBB2002B6D
:1036400005D03B685A7802210A435A7004E03B686F
:103650005A7802218A435A703A68786801230E2109
:10366000FEF7E3FE0300FB60FB68002B08D13B681C
:103670005A1C786801235F21FEF7D7FE0300FB6028
:10368000FB68002B08D10823FA1878680123582119
:10369000FEF7A2FE0300FB60FB68002B71D13B68C4
:1036A0001B78DB07DB0FDAB23B681B789B07DB0F6D
:1036B000DBB21343DAB23B681B785B07DB0FDBB28C
:1036C0001343DAB23B681B781B07DB0FDBB21343F3
:1036D000DAB23B681B78DB06DB0FDBB21343DAB2EE
:1036E0003B681B789B06DB0FDBB21343DAB23B6807
:1036F0001B785B06DB0FDBB21343DAB23B685B7807
:103700005B07DB0FDBB21343DAB23B685B781B0766
:10371000DB0FDBB21343DAB23B685B78DB06DB0F0F
:10372000DBB21343DAB23B685B789B06DB0FDBB29C
:103730001343DAB23B685B785B06DB0FDBB2134303
:10374000DAB23B685B781B06DB0FDBB21343DBB2FC
:10375000002B07D00823FB181A78802149420A431E
:103760001A7005E00823FB181A787F210A401A70A6
:103770000823FA18786801235821FEF756FE030043
:10378000FB60FB681800BD4604B080BD80B584B006
:1037900000AF786039607B6802211800FFF792FB68
:1037A0000300FB60FB68002B08D13B685A1D78685A
:1037B00001231121FEF710FE0300FB60FB68002BC4
:1037C00008D13B689A1C786801230E21FEF704FE9D
:1037D0000300FB60FB68002B08D13B68DA1C7868AB
:1037E00001230F21FEF7F8FD0300FB60FB68002BAF
:1037F00008D13B681A1D786801231021FEF7ECFD03
:103800000300FB60FB68002B06D17B6800211800D9
:10381000FFF758FB0300FB60FB68002B07D13A68F9
:10382000786801230E21FEF7D7FD0300FB60FB68DB
:10383000002B08D13B685A1C786801235F21FEF7F2
:10384000CBFD0300FB60FB681800BD4604B080BDE3
:1038500090B587B000AF78600A00FB1C1A70102486
:103860003A19786801235621FEF7B6FD03007B6103
:103870007B69002B27D1FB1C1B7801221340DAB295
:103880003B1901210A4010001A7801218A43111CBA
:10389000021C0A431A70FB1C1B7801221340DAB287
:1038A0003B1901210A4090011A7840218A43111CDA
:1038B000021C0A431A703A19786801235621FEF750
:1038C000B4FD03007B617B69002B06D17B6802217C
:1038D0001800FFF7F7FA03007B617B69002B08D122
:1038E0000C23FA18786801231721FEF775FD0300F1
:1038F0007B617B69002B18D1FB1C1B785B081A1CB1
:1039000001231340DAB20C243B19D0011A787F212D
:103910000A40111C021C0A431A703A1978680123E4
:103920001721FEF782FD03007B617B69002B06D126
:103930007B6800211800FFF7C5FA03007B617B69F3
:103940001800BD4607B090BD90B585B000AF786057
:103950000A00FB1C1A7008243A19786801235B21BD
:10396000FEF73AFD0300FB60FB68002B17D1FB1C40
:103970001B783F221340DAB23B193F210A40100066
:103980001A783F218A43111C021C0A431A703A1903
:10399000786801235B21FEF748FD0300FB60FB68AC
:1039A0001800BD4605B090BD90B585B000AF7860F9
:1039B0000A00FB1C1A7008243A19786801235C215C
:1039C000FEF70AFD0300FB60FB68002B17D1FB1C10
:1039D0001B7803221340DAB23B1903210A4050013D
:1039E0001A7860218A43111C021C0A431A703A1982
:1039F000786801235C21FEF718FD0300FB60FB687B
:103A00001800BD4605B090BD90B585B000AF786098
:103A10000A00FB1C1A7008243A19786801230A214D
:103A2000FEF7DAFC0300FB60FB68002B17D1FB1CE0
:103A30001B7807221340DAB23B1907210A40100015
:103A40001A7807218A43111C021C0A431A703A197A
:103A5000786801230A21FEF7E8FC0300FB60FB689D
:103A60001800BD4605B090BD80B584B000AF786049
:103A700039607B6802211800FFF724FA0300FB601D
:103A8000FB68002B07D13A68786801234621FEF7CE
:103A9000A3FC0300FB60FB68002B08D13B685A1CA9
:103AA000786801234721FEF797FC0300FB60FB6861
:103AB000002B06D17B6800211800FFF703FA0300F2
:103AC000FB60FB681800BD4604B080BD80B584B0C3
:103AD00000AF786039607B6802211800FFF7F2F9C7
:103AE0000300FB60FB68002B08D10823FA187868F4
:103AF00001235F21FEF770FC0300FB60FB68002BD5
:103B000006D17B6800211800FFF7DCF90300FB6099
:103B10000823FB181B78DB069B0FDBB2032B14D0AA
:103B200017DC022B0DD014DC002B02D0012B04D0AB
:103B30000FE03B6800221A700FE03B6801221A7008
:103B40000BE03B6802221A7007E03B6803221A7000
:103B500003E03B6800221A70C046FB681800BD46AF
:103B600004B080BD80B584B000AF786039607B68F8
:103B700002211800FFF7A6F90300FB60FB68002B89
:103B800008D10823FA18786801230521FEF724FCE0
:103B90000300FB60FB68002B0FD17B68002118003D
:103BA000FFF790F90300FB600823FB181B78DB0686
:103BB000DB0FDBB21A003B681A70FB681800BD46C9
:103BC00004B080BD80B584B000AF786039607B6898
:103BD00002211800FFF776F90300FB60FB68002B59
:103BE00008D10823FA18786801236021FEF7F4FB56
:103BF0000300FB60FB68002B2BD10823FB181B780C
:103C00009B069B0FDBB2032B14D017DC022B0DD0CD
:103C100014DC002B02D0012B04D00FE03B68002203
:103C20001A700FE03B6801221A700BE03B68022219
:103C30001A7007E03B6803221A7003E03B68002219
:103C40001A70C0467B6800211800FFF73BF903009B
:103C5000FB60FB681800BD4604B080BD80B582B033
:103C600000AF0200BB1D1A80BB1D1B88012B01D1B8
:103C7000FDF7FCFFBB1D1B88022B01D1FDF736FCB5
:103C8000C046BD4602B080BD80B594B000AF3B00D9
:103C9000180001F041FE031E18D03B00DB7A1A0029
:103CA0000423134012D03B00187A3B00597A3B00A2
:103CB0009B7A1A0000F04EFD3B0098793B00D979C1
:103CC0003B009B88DBB21A0000F07AFDC046BD467F
:103CD00014B080BD80B500AFFDF7DCFDC046BD4629
:103CE00080BD000080B500AF80231902A023DB0552
:103CF0000122180002F055FA024B01221A70C04648
:103D0000BD4680BD1A01002080B500AF024B1B7874
:103D10001800BD4680BDC0461A01002080B500AF26
:103D2000064B00221A7080231902A023DB05002213
:103D3000180002F036FAC046BD4680BD1A010020C8
:103D400080B500AF01F06FFE00F024F800F02CFA0F
:103D500000F068F800F0F8F800F076F800F034F9B8
:103D600000F0B2F800F0D2F9094B180001F0D8FECB
:103D700001F0CCFDFDF7FEFAFDF7B2FE0320FDF7E2
:103D8000F7FEFDF775FDFFF7A5FFC046FDE7C0464E
:103D9000DC05000090B597B000AF10243B19180067
:103DA00048231A00002107F0B5FF3B00180010233C
:103DB0001A00002107F0AEFF8023DB00180005F099
:103DC0007BF83B190A221A603B1980225200DA6004
:103DD0003B1940221A613B1901225A613B1900220A
:103DE0009A623B19180005F0D3F8031E01D000F0C9
:103DF000A7FA3B0007221A603B0001225A603B00F1
:103E000000229A603B000022DA603B00012118008A
:103E100005F0A4FC031E01D000F092FAC046BD4696
:103E200017B090BD80B500AF01F0F2FF031E01D0C6
:103E300000F086FA02F010F8031E01D000F080FABC
:103E4000C046BD4680BD000080B500AF1B4B1C4A7C
:103E50001A601A4B1B4A5A60184B00229A60174B83
:103E60000122DA60154B00221A61144B00225A61BC
:103E7000124B00229A61114B0022DA610F4B002293
:103E80001A620E4B180002F0DDF9031E01D000F09B
:103E900057FA0A4B0021180004F076FF031E01D0E8
:103EA00000F04EFA054B0021180004F0B9FF031E84
:103EB00001D000F045FAC046BD4680BD1C0100207F
:103EC000005400401A06100080B500AF1B4B1C4A7E
:103ED0001A601A4B1B4A5A60184B30229A60174BD3
:103EE0000122DA60154B00221A61144B00225A613C
:103EF000124B00229A61114B0022DA610F4B002213
:103F00001A620E4B180002F09DF9031E01D000F05A
:103F100017FA0A4B0021180004F036FF031E01D0E7
:103F200000F00EFA054B0021180004F079FF031E83
:103F300001D000F005FAC046BD4680BD70010020EA
:103F400000580040533DA00080B500AF1B4B1C4AF9
:103F50001A601A4B1B4A5A60184B00229A60174B82
:103F60000122DA60154B00221A61144B00225A61BB
:103F7000124B00229A61114B0022DA610F4B002292
:103F80001A620E4B180002F05DF9031E01D000F01A
:103F9000D7F90A4B0021180004F0F6FE031E01D0E9
:103FA00000F0CEF9054B0021180004F039FF031E84
:103FB00001D000F0C5F9C046BD4680BDC401002057
:103FC000008800405B3D300080B592B000AF3423E4
:103FD000FB18180014231A00002107F09BFE302361
:103FE000FB1800221A603B00180030231A00002141
:103FF00007F090FE414B424A1A60404B00225A6043
:104000003E4B7F229A603D4B3E4ADA603B4B00229A
:104010001A613A4B00225A61384B00229A61374BA1
:104020008022D205DA61354B00221A62334B00221E
:104030005A62324B180006F071FC031E01D000F0EA
:104040007FF934217B1800221A707B1800225A70E5
:104050007B1800229A707B180022DA607B180022FD
:104060001A617918254B0122180006F0FDFC031E89
:1040700001D000F065F930217B1801221A707B18FD
:1040800001225A707B1801229A707B180022DA7084
:1040900079181A4B0122180006F00AFE031E01D0FF
:1040A00000F04EF93B0000221A703B0000225A70CB
:1040B0003B0001229A703B0000225A603B00124AEA
:1040C0005A613B0000229A613B0000221A623B00C9
:1040D0002422012199543B0080225200DA623900E7
:1040E000064B0122180006F0D7FE031E01D000F097
:1040F00027F9C046BD4612B080BDC0461802002058
:1041000000280040550200000080808080B500AF8C
:10411000234B244A1A60224BE12252025A60204B60
:1041200000229A601E4B0022DA601D4B00221A61A9
:104130001B4B0C225A611A4B00229A61184B002229
:10414000DA61174B00221A62154B00225A62144B97
:1041500000229A62124B180007F07EF8031E01D06D
:1041600000F0EEF80E4B0021180007F0F3FC031EE0
:1041700001D000F0E5F80A4B0021180007F02AFDF5
:10418000031E01D000F0DCF8054B180007F0A8FC76
:10419000031E01D000F0D4F8C046BD4680BDC04625
:1041A000480200200048004090B589B000AF0C24C0
:1041B0003B19180014231A00002107F0ABFD5C4BDB
:1041C000DA6C5B4B01210A43DA64594BDB6C012248
:1041D0001340BB60BB68564BDA6C554B02210A4357
:1041E000DA64534BDB6C022213407B607B685149DD
:1041F000514B0122180001F0D4FF82231B014E48CD
:104200000022190001F0CDFF80235900A023DB0517
:104210000122180001F0C5FF90231902A023DB053D
:104220000022180001F0BDFF3B1903221A603B1960
:10423000882252035A603B1900229A603A19A0233F
:10424000DB051100180001F023FE21007B18042279
:10425000FF321A600C003B1900225A603B19002201
:104260009A603B19344A1900100001F011FE3B1905
:10427000324A1A603B1901225A603B1900229A60A7
:104280003B190022DA603B192B4A1900100001F09B
:10429000FFFD21007B188022D2001A607B18882243
:1042A00052035A607B1800229A600C007B18224A45
:1042B0001900100001F0ECFD21007B189122120280
:1042C0001A600C003B1901225A603B1900229A60C7
:1042D0003B190022DA603A19A023DB05110018000F
:1042E00001F0D6FD21007B18802292001A607B1815
:1042F00000225A607B1801229A607B180E4A19002E
:10430000100001F0C5FD00220021052001F0D8FCBD
:10431000052001F0EAFC00220021072001F0D0FC7A
:10432000072001F0E2FCC046BD4609B090BDC04682
:104330000010024004100000000400502418000087
:1043400080B500AF72B6C046C046FDE780B500AF8D
:1043500080235901A023DB050122180001F021FF71
:10436000C046BD4680BD80B500AF80235901A02363
:10437000DB050022180001F014FFC046BD4680BDD9
:1043800080B582B000AF786039603B6801221A7056
:1043900080235A01A023DB051100180001F0E4FE80
:1043A000031E03D07B6801221A7002E07B680022A2
:1043B0001A70C046BD4602B080BDB0B584B000AF33
:1043C000786039600E243B191800FDF7E9FB0C25D5
:1043D0007B191800FDF7F6FB3B6805221A70FDF704
:1043E0002BFC0300DAB27B681A707B680133391941
:1043F0000222180007F0BAFC7B6803337919022205
:10440000180007F0B3FCFDF727FCC046BD4604B01A
:10441000B0BD000080B582B000AF78607B685A788C
:10442000054B1A70FDF75CFB0320FDF7A1FBC046AE
:10443000BD4602B080BDC0460400002080B582B0F9
:1044400000AF786039603B6801221A70FDF73AF8D6
:104450000300DAB27B681A70FDF73EF8C046BD462D
:1044600002B080BD80B582B000AF78607B681A78FA
:10447000034B1A70FCF77EFFC046BD4602B080BDFC
:1044800000000020B0B588B000AF786039600C241F
:104490003B19180014231A00002107F03BFC0825E3
:1044A0007B1900221A603B19180000F0BBF97B1938
:1044B000180000F0C7F93B6806221A7029007B1823
:1044C000DA787B681A707B6801337A1852781A7030
:1044D0007B6802337A1892781A707B6803333A1932
:1044E00012781A707B6804333A1952781A707B6814
:1044F00005333A1992781A70C046BD4608B0B0BD6F
:1045000080B582B000AF7860FFF7BEFBC046BD4605
:1045100002B080BD80B584B000AF786039603B6880
:1045200003221A70FDF7ECF803001A000C203B1868
:10453000111C19701104090E59701202120E9A7092
:1045400001007B181A787B681A707B6801337A182F
:1045500092781A707B6802337A1852781A70C046C3
:10456000BD4604B080BD90B597B000AF78603960AB
:104570003B680C221A7008243B19180001F0CCF992
:104580003B19143319007B680422180007F0EEFB76
:104590007B68181D3B1910330422190007F0E6FB55
:1045A0007B68083318003B191C330422190007F0FC
:1045B000DDFBC046BD4617B090BD80B582B000AFF0
:1045C000786039603B6803221A70FFF79DFB030097
:1045D0001A007B681A70FFF7A1FBFDF72DFB0200A4
:1045E0007B680133D2B21A70FDF736FBFCF76AFF25
:1045F00002007B680233D2B21A70FCF76DFFC0462E
:10460000BD4602B080BD000080B582B000AF7860CA
:1046100039603B6800221A703B6800225A707B6840
:104620001B78132B00D167E000DD86E0122B16D03B
:1046300000DD82E0102B02D0112B08D07DE07B68DA
:104640005B78012B00D07CE0FFF780FE79E07B688F
:104650005B78012B00D076E0FFF785FE73E07B6886
:104660005B78072B43D89A00394BD3181B689F46B9
:104670003B689A1C3B68013319001000FFF780FE6D
:1046800039E03B689A1C3B68013319001000FFF7C2
:10469000F9FE30E03B689A1C3B68013319001000BA
:1046A000FFF78BFE27E03B689A1C3B68013319003B
:1046B0001000FFF7C3FE1EE03B689A1C3B68013305
:1046C00019001000FFF74FFF15E03B689A1C3B688C
:1046D000013319001000FFF71DFF0CE03B689A1C26
:1046E0003B68013319001000FFF767FF03E03B68E8
:1046F00001221A70C04627E07B685B78062B11D038
:1047000016DC022B02D0032B06D011E07B680333AA
:104710001800FFF77FFE0FE07B6803331800FFF7F8
:10472000A1FE09E07B6803331800FFF7E9FE03E010
:104730003B6801221A70C04606E03B6801221A70ED
:1047400002E0C04600E0C046C046BD4602B080BDA3
:1047500014BE000890B589B000AF04000800110035
:10476000FB1D221C1A70BB1D021C1A707B1D0A1C2B
:104770001A700C243B19180014231A00002107F0AA
:10478000C9FA39190D4B0122180006F02DFA210043
:104790007B18FA1D12781A707B18BA1D12785A709D
:1047A0007B187A1D12789A707918044B0122180030
:1047B00006F05AF9C046BD4609B090BD1802002067
:1047C00090B585B000AF040008001100FB1D221C4D
:1047D0001A70BB1D021C1A707B1D0A1C1A700C2457
:1047E0003B1900221A6039190D4B0122180006F0FE
:1047F00005FB21007B18FA1D12785A707B18BA1D30
:1048000012789A707B187A1D1278DA707918044B36
:104810000122180006F04CFAC046BD4605B090BD16
:104820001802002080B582B000AF78607968044B30
:104830000122180006F0D8F9C046BD4602B080BD7E
:104840001802002080B582B000AF78607968044B10
:104850000122180006F0D2FAC046BD4602B080BD63
:1048600018020020B0B586B000AFF86008007A608A
:1048700019000B23FB18021C1A700823FB180A1CD2
:104880001A80FB68002B02D101235B420FE0FB681A
:104890005C68FB68D8680823FB181D887A680B23BE
:1048A000FB1819782B00A04703007B617B69180077
:1048B000BD4606B0B0BDB0B586B000AFF860080028
:1048C0007A6019000B23FB18021C1A700823FB18CE
:1048D0000A1C1A80FB68002B02D101235B420FE007
:1048E000FB681C68FB68D8680823FB181D887A6879
:1048F0000B23FB1819782B00A04703007B617B6911
:104900001800BD4606B0B0BD90B587B000AF786066
:1049100039603B681B780F221340DBB2002B01D1BA
:10492000002354E01023FA18786801232521FFF7AB
:1049300099FF03007B611223FB1800221A800C24CC
:104940003A197B681100180000F04AF902007B69EF
:104950009B187B617B689B68012098473B191B78FB
:1049600001221340DBB2002B09D11222BB181B8895
:10497000BA18591C1180FA2212019342DFD37B69C5
:10498000002B06D11223FB181A88FA231B019A4226
:1049900002D301235B421AE03B681A780F218A4355
:1049A0001A703A68786801232021FFF784FF02001B
:1049B0007B699B187B611023FA18786801232521F5
:1049C000FFF750FF02007B699B187B617B69180031
:1049D000BD4607B090BD80B586B000AFF860B96045
:1049E000FB1D1A70BA68FB6811001800FFF78CFFF6
:1049F00003007B61FB1D1B78002B21D0FB68180096
:104A000000F0DFFC02007B699B187B61FB1D1B78BB
:104A10000F221340DAB2BB680F210A4010001A7847
:104A20000F218A43111C021C0A431A70BA68F868E5
:104A300001232021FFF73FFF02007B699B187B6168
:104A40007B691800BD4606B080BD000090B587B0F8
:104A500000AF78600A00FB1C1A701723FB180822AD
:104A60001A700C23FA18786801232021FFF7FAFE48
:104A700003003B613B69002B33D108243A19786865
:104A800001231021FFF7EEFE03003B613B191B7869
:104A90005B075B0FDBB2033B042B04D89A001F4B70
:104AA000D3181B689F461723FB1808221A7018E0BA
:104AB0001723FB1806221A7013E01723FB18052290
:104AC0001A700EE01723FB1804221A7009E017234E
:104AD000FB1803221A7004E01723FB1802221A7035
:104AE000C0463B69002B13D1FA1C1723FB18127820
:104AF0001B789A4202D901235B420AE0FB1C1A7818
:104B00000C23F9187B681800FFF765FF03003B6171
:104B10003B691800BD4607B090BDC04634BE0008D2
:104B200090B585B000AF78600A00FB1C1A700824AD
:104B30003A19786801232021FFF794FE0300FB60F7
:104B4000FB68002B17D1FB1C1B7801221340DAB243
:104B50003B1901210A4010011A7810218A43111CC7
:104B6000021C0A431A703A19786801232021FFF7C2
:104B7000A2FE0300FB60FB681800BD4605B090BDB7
:104B800090B585B000AF78600A00FB1C1A7008244D
:104B90003A19786801232121FFF764FE0300FB60C6
:104BA000FB68002B17D1FB1C1B7801221340DAB2E3
:104BB0003B1901210A4010011A7810218A43111C67
:104BC000021C0A431A703A19786801232121FFF761
:104BD00072FE0300FB60FB681800BD4605B090BD87
:104BE00090B585B000AF7860396008243A197868CC
:104BF00001232321FFF736FE0300FB603B191B78DE
:104C00005B07DB0FDAB23B6801210A4010001A781B
:104C100001218A43111C021C0A431A70FB68180008
:104C2000BD4605B090BD90B585B000AF78603960E5
:104C300008243A19786802233A21FFF713FE03008B
:104C4000FB6021007B185B781AB23B681A803B68D6
:104C500000229B5E9BB21B029BB27A1812789B18B3
:104C60009BB21AB23B681A80FB681800BD4605B0BB
:104C700090BD90B585B000AF7860396008243A19CE
:104C8000786802233C21FFF7EDFD0300FB60210063
:104C90007B185B781AB23B681A803B6800229B5EE7
:104CA0009BB21B029BB27A1812789B189BB21AB265
:104CB0003B681A80FB681800BD4605B090BD90B5F2
:104CC00085B000AF78600A00FB1C1A7008243A19FE
:104CD000786801232221FFF7C5FD0300FB60FB6814
:104CE000002B21D1FB1C1B7803221340DAB23B19A5
:104CF00003210A4010001A7803218A43111C021C68
:104D00000A431A70FB1C1B78022B04D13B191A783A
:104D100004218A431A700823FA1878680123222193
:104D2000FFF7C9FD0300FB60FB681800BD4605B036
:104D300090BD90B585B000AF78600A00FB1C1A707A
:104D400008243A19786801232221FFF78BFD03001C
:104D5000FB60FB68002B17D1FB1C1B78072213405C
:104D6000DAB23B1907210A40D0001A7838218A4369
:104D7000111C021C0A431A703A1978680123222177
:104D8000FFF799FD0300FB60FB681800BD4605B006
:104D900090BD90B585B000AF78603B0019800824C5
:104DA0003A19786801232221FFF75CFD0300FB60BC
:104DB000FB68002B27D13B001B781A1C01231340F2
:104DC000DAB23B1901210A4090011A7840218A4346
:104DD000111C021C0A431A703B005B781A1C012349
:104DE0001340DAB23B19D0011A787F210A40111C16
:104DF000021C0A431A703A19786801232221FFF72E
:104E00005AFD0300FB60FB681800BD4605B090BD6D
:104E1000F0B589B000AFF86008007A6019000B2681
:104E2000BB19021C1A700A23FB180A1C1A701424DE
:104E30003B1900221A7018257A19F86801232021DD
:104E4000FFF710FD0300FB6129007B181B781B078F
:104E50001B0FDAB21A23FB181A707918FB680022AC
:104E60001800FFF7B8FD0200FB699B18FB61FB68A7
:104E700001211800FFF784FE0200FB699B18FB610B
:104E80003B191A7840210A431A703A19F86801232D
:104E90001121FFF710FD0200FB699B18FB61BA1995
:104EA000F86801230821FFF706FD0200FB699B1843
:104EB000FB611B23FB1800221A7012E01B243B1914
:104EC0001B787A68D218F86801230921FFF7F3FCF0
:104ED0000200FB699B18FB613B191A783B190132F0
:104EE0001A701B23FA180A23FB1812781B789A42AF
:104EF000E4D314203B181A7840218A431A703A18D8
:104F0000F86801231121FFF7D6FC0200FB699B180A
:104F1000FB61FB6800211800FFF732FE0200FB690D
:104F20009B18FB611A23FB181A781823F918FB68E1
:104F30001800FFF750FD0200FB699B18FB61FB693D
:104F40001800BD4609B0F0BDB0B588B000AFF8603C
:104F500008007A6019000B23FB18021C1A700A2340
:104F6000FB180A1C1A7014243B1900221A70182509
:104F70007A19F86801232021FFF774FC0300FB6114
:104F800029007B181B781B071B0FDAB21A23FB18AA
:104F90001A707918FB6800221800FFF71CFD020048
:104FA000FB699B18FB61FB6801211800FFF7E8FD16
:104FB0000200FB699B18FB613B191A7820210A4308
:104FC0001A703A19F86801231121FFF774FC0200E6
:104FD000FB699B18FB611B23FB1800221A7026E05B
:104FE0000B23FA181B243B1912781B78D318DAB25A
:104FF00017217B181A707A18F86801230821FFF727
:105000005AFC0200FB699B18FB613B191B787A680C
:10501000D218F86801230921FFF724FC0200FB697C
:105020009B18FB613B191A783B1901321A701B233C
:10503000FA180A23FB1812781B789A42D0D314204E
:105040003B181A7820218A431A703A18F86801230D
:105050001121FFF730FC0200FB699B18FB61FB6824
:1050600000211800FFF78CFD0200FB699B18FB6113
:105070001A23FB181A781823F918FB681800FFF791
:10508000AAFC0200FB699B18FB61FB691800BD4686
:1050900008B0B0BDB0B586B000AF78600A00BB1CE8
:1050A0001A80BB1C00229B5E002B02DA01235B42AC
:1050B00045E010243A19786801232021FFF7D2FB3C
:1050C00003007B613B191B781B071B0FDAB213250A
:1050D0007B191A7039197B6800221800FFF77BFCD6
:1050E00002007B699B187B61BB1C1B881B0A9BB25F
:1050F000DAB20C217B185A70BB1C1B88DAB27B1801
:105100001A707A18786802232021FFF781FE0200C6
:105110007B699B187B617B68180000F052F90200E4
:105120007B699B187B617B191A7839197B68180099
:10513000FFF751FC02007B699B187B617B691800BB
:10514000BD4606B0B0BDB0B586B000AF78600A000D
:10515000BB1C1A80BB1C00229B5E002B02DA0123C1
:105160005B4245E010243A19786801232021FFF7BB
:1051700079FB03007B613B191B781B071B0FDAB21D
:1051800013257B191A7039197B6800221800FFF764
:1051900022FC02007B699B187B61BB1C1B881B0ADD
:1051A0009BB2DAB20C217B185A70BB1C1B88DAB296
:1051B0007B181A707A18786802232221FFF728FEDC
:1051C00002007B699B187B617B68180000F0F9F88E
:1051D00002007B699B187B617B191A7839197B68FF
:1051E0001800FFF7F8FB02007B699B187B617B6965
:1051F0001800BD4606B0B0BD80B584B000AF786081
:105200003B0019703B001B78DB07DB0FDBB25BB2A6
:10521000DB005AB23B001B789B07DB0FDBB25BB2B3
:105220009B005BB213435AB23B001B785B07DB0F5A
:10523000DBB25BB2DB185BB213435BB2DAB20B21B9
:105240007B181A707A18786801232821FFF7E0FD8F
:105250000300FB60FB681800BD4604B080BD90B53C
:1052600085B000AF786039600B243A197868012363
:105270002821FFF769FE0300FB603B191B785B08E0
:10528000DBB21A1C01231340DAB23B6801210A4049
:1052900090001A7804218A43111C021C0A431A70D8
:1052A0003B191B789B08DBB21A1C01231340DAB2AE
:1052B0003B6801210A4090181A7802218A43111C88
:1052C000021C0A431A703B191B78DB08DBB21A1C5C
:1052D00001231340DAB23B6801210A4010001A781A
:1052E00001218A43111C021C0A431A70FB68180032
:1052F000BD4605B090BD90B587B000AF78600A009C
:10530000FB1C1A7010243A19786801232021FFF73A
:10531000A9FA03007B6121007B181B781B071B0F78
:10532000DAB21323FB181A7079187B680022180070
:10533000FFF751FB02007B699B187B617B69002BA7
:1053400001D07B6939E00C243A197B681100180000
:10535000FFF785FF03007B61FB1C1B7801221340D4
:10536000DAB23B1901210A4090181A7802218A43C7
:10537000111C021C0A431A703B191A787B68111C15
:105380001800FFF739FF02007B699B187B617B687F
:10539000180000F016F802007B699B187B6113234C
:1053A000FB181A781023F9187B681800FFF713FB15
:1053B00002007B699B187B617B691800BD4607B0C2
:1053C00090BD90B587B000AF786010243B190022E3
:1053D0001A707B6801211800FFF7D2FB03007B6184
:1053E0003B191A7840210A431A703A197868012348
:1053F0001121FFF760FA02007B699B187B610F2186
:105400007B182A221A707A18786801230821FFF77E
:1054100052FA02007B699B187B610E217B180122E6
:105420001A707A18786801230921FFF744FA0200FC
:105430007B699B187B613B191A7840218A431A705B
:105440003A19786801231121FFF735FA02007B69C8
:105450009B187B617B6800211800FFF791FB02001D
:105460007B699B187B617B691800BD4607B090BDC6
:1054700080B582B000AF0F4B9A6D0E4B802149056D
:105480000A439A650B4B9A6D80235B0513407B6042
:105490007B68084B1A6E074B01210A431A66054BBD
:1054A0001B6E012213403B603B68C046BD4602B004
:1054B00080BDC0460010024090B59DB000AF78603E
:1054C0005C23FB18180014231A00002106F022FCAC
:1054D00024243B19180038231A00002106F01AFC76
:1054E0007B681B68684A93423ED13B1920221A60B0
:1054F0003B1900225A613B19180004F045FB031EBA
:1055000001D0FEF71DFF614BDA6C604B02210A43AC
:10551000DA645E4BDB6C022213403B623B6A5C2127
:105520007B18C0221A607B1812225A607B18002256
:105530009A607B180022DA607B1804221A617B18BB
:10554000534A1900100000F0A3FC504B9A6D4F4BCA
:10555000802189030A439A654C4B9A6D80239B03F3
:105560001340FB61FB698BE07B681B68494A9342EF
:105570003AD1464BDA6C454B01210A43DA64434B7E
:10558000DB6C01221340BB61BB695C217B18C0222C
:10559000D2001A607B1812225A607B1800229A608F
:1055A0007B180022DA607B1805221A617A18A02382
:1055B000DB051100180000F06BFC344B9A6D334B87
:1055C0008021C9030A439A65304B9A6D8023DB031F
:1055D00013407B617B6900220021182000F070FBE2
:1055E000182000F082FB4BE07B681B682A4A93423C
:1055F00046D124217B1840221A607B1800229A6130
:105600007B18180004F0C0FA031E01D0FEF798FEC4
:105610001E4BDA6C1D4B02210A43DA641B4BDB6C18
:10562000022213403B613B695C217B1818221A60FF
:105630007B1812225A607B1800229A607B18002285
:10564000DA607B1804221A617B18114A19001000D5
:1056500000F01EFC0D4B9A6D0C4B802109040A438F
:105660009A650A4B9A6D80231B041340FB60FB680C
:1056700000220021182000F023FB182000F035FB49
:10568000C046BD461DB090BD005400400010024011
:1056900000040050005800400088004090B593B0CE
:1056A00000AF786010243B19180038231A0000213D
:1056B00006F030FB7B681B681A4A93422ED13B19D7
:1056C000802212021A603B19802292005A633B1911
:1056D000180004F059FA031E01D0FEF731FE124AF9
:1056E0009023D358104980221202134390228B50EA
:1056F0000D4B9A6D0C4B8021C9000A439A650A4BE9
:105700009A6D8023DB001340FB60FB6800220021C0
:10571000022000F0D5FA022000F0E7FAC046BD46AC
:1057200013B090BD002800400010024090B599B021
:1057300000AF78604C23FB18180014231A000021D6
:1057400006F0E8FA14243B19180038231A00002147
:1057500006F0E0FA7B681B68214A93423CD13B1972
:10576000802252021A603B19180004F00DFA031E41
:1057700001D0FEF7E5FD1B4B9A6D1A4B8021C90243
:105780000A439A65174B9A6D8023DB0213403B61F5
:105790003B69144BDA6C134B01210A43DA64114B59
:1057A000DB6C01221340FB60FB684C217B18A022BC
:1057B0001A607B1802225A607B1800229A607B18BC
:1057C0000022DA607B1807221A617A18A023DB0511
:1057D0001100180000F05CFBC046BD4619B090BD3A
:1057E000004800400010024080B500AFC046FDE711
:1057F00080B500AFC046FDE780B500AFC046BD46EE
:1058000080BD80B500AFC046BD4680BD80B500AF4D
:1058100000F06AF9C046BD4680BD000080B500AF0B
:10582000034B180005F048FCC046BD4680BDC0468D
:105830001802002080B500AF012000F0CFFC02204C
:1058400000F0CCFCC046BD4680BD80B500AF8023D3
:10585000DB00180000F0C2FCC046BD4680BD000061
:1058600080B500AF114B1B689A69E023DB00134041
:1058700004D00E4B180001F0BBFB03E00B4B1800EB
:1058800001F09CFB0A4B1B689A69E023DB00134084
:1058900004D0074B180001F0ABFB03E0044B1800E9
:1058A00001F08CFBC046BD4680BDC04670010020A3
:1058B000C401002080B582B000AF124B80221205D7
:1058C0009A60114A8023D3587B600F4B1B6A3B6060
:1058D0007A6880235B02134010D03B68FF2213409C
:1058E000CC2B0BD03B68FF221340AA2B06D0064BD3
:1058F0001A68054B8021C9020A431A60C046BD469A
:1059000002B080BD00ED00E00020024080B500AF95
:10591000C046BD4680BD000080B59EB002AF786035
:105920002A4A2B48642300930823842100F030FD89
:10593000031E01D0002344E06823FA18244864239E
:1059400000930623842100F02BFE031E01D00023C8
:1059500037E068217B181B791AB27B185B791BB280
:105960001B021BB213431AB26E217B181A807B18DC
:105970001B885C2B01D0002323E06E23FB181B88BF
:105980000C22BA181248FF210091842100F008FE71
:10599000031E01D0002314E00823FA180C486423E6
:1059A00000930223842100F0FBFD031E01D000239D
:1059B00007E00C23F9187B685022180006F0D6F98E
:1059C00001231800BD461CB080BDC0460C0000205D
:1059D0001C0100200D488546FFF76CFF0C480D495F
:1059E0000D4A002302E0D458C4500433C4188C423A
:1059F000F9D30A4A0A4C002301E013600432A242A0
:105A0000FBD306F08FF9FEF79BF9FEE7003000208C
:105A1000000000201C0000204CBF00081C000020DB
:105A2000E0020020FEE780B582B000AFFB1D00223F
:105A30001A70032000F00EF8031E03D0FB1D012294
:105A40001A7001E0FFF714FDFB1D1B781800BD461E
:105A500002B080BD90B585B000AF78600F23FB1811
:105A600000221A701D4B1B78002B2BD01C4B1C687E
:105A70001A4B1B781900FA239800FAF745FB03002C
:105A800019002000FAF740FB0300180000F03DF970
:105A9000031E12D17B68032B0AD8796801235B426D
:105AA0000022180000F00CF90E4B7A681A600DE025
:105AB0000F23FB1801221A7008E00F23FB180122A4
:105AC0001A7003E00F23FB1801221A700F23FB1832
:105AD0001B781800BD4605B090BDC04618000020D8
:105AE000080000201400002080B500AF054B1B7893
:105AF0001A00054B1B68D218034B1A60C046BD46FE
:105B000080BDC04618000020DC02002080B500AF38
:105B1000024B1B681800BD4680BDC046DC02002059
:105B200080B584B000AF7860FFF7F0FF0300BB6082
:105B30007B68FB60FB68013305D00A4B1B781A00B9
:105B4000FB689B18FB60C046FFF7E0FF0200BB68E4
:105B5000D31AFA689A42F7D8C046C046BD4604B088
:105B600080BDC0461800002080B582B000AF0200A2
:105B7000FB1D1A70FB1D1B787F2B09D8FB1D1B78A2
:105B80001A001F231A40044B012191400A001A6099
:105B9000C046BD4602B080BD00E100E090B583B0D4
:105BA00000AF02003960FB1D1A70FB1D1B787F2BB4
:105BB00028D82F4AFB1D1B785BB29B08C0339B0083
:105BC0009B58FA1D1278110003220A40D200FF21CF
:105BD00091400A00D2431A4011003B689B01FF220A
:105BE0001A40FB1D1B78180003230340DB009A407A
:105BF0001F48FB1D1B785BB29B080A43C0339B0008
:105C00001A5031E01B4AFB1D1B7819000F230B4073
:105C1000083B9B0806339B00D31804331B68FA1D0E
:105C20001278110003220A40D200FF2191400A009D
:105C3000D2431A4011003B689B01FF221A40FB1D12
:105C40001B78180003230340DB009A400948FB1D22
:105C50001B781C000F232340083B9B080A43063394
:105C60009B00C31804331A60C046BD4603B090BD04
:105C700000E100E000ED00E080B582B000AF7860A8
:105C80007B685A1E80235B049A4201D3012310E0F3
:105C90000A4B7A68013A5A6001235B4203211800DB
:105CA000FFF77CFF054B00229A60044B07221A6025
:105CB00000231800BD4602B080BDC04610E000E0E1
:105CC00080B584B000AFB9607A600F217B18021CE8
:105CD0001A70BA687B181B785BB211001800FFF7C6
:105CE0005DFFC046BD4604B080BD80B582B000AF48
:105CF0000200FB1D1A70FB1D1B785BB21800FFF73A
:105D000033FFC046BD4602B080BD80B582B000AF53
:105D100078607B681800FFF7AFFF03001800BD46EE
:105D200002B080BD80B584B000AF78600F217B18D1
:105D300000221A707B6825229B5CDBB2022B06D006
:105D40007B680422DA637B1801221A7049E07B68C1
:105D50001B681A687B681B680E218A431A607B687F
:105D60001B681A687B681B6801218A431A607B687C
:105D70005B6C1A687B685B6C1D490A401A601D4B9E
:105D800059687B681B6C1C22134001229A40194BF6
:105D90000A435A607B689B6C7A68D26C5A607B6855
:105DA0001B6D002B0CD07B681B6D1A687B681B6D0C
:105DB0000F490A401A607B685B6D7A68926D5A6081
:105DC0007B682522012199547B6824220021995463
:105DD0007B689B6B002B04D07B689B6B7A68100000
:105DE00098470F23FB181B781800BD4604B080BDF0
:105DF000FFFEFFFF0000024080B582B000AF786078
:105E00007B6825229B5CDBB21800BD4602B080BDDA
:105E100080B582B000AFFB1D00221A700B4B5B698E
:105E2000002B0CDA094B0A4A9A60084B094A9A601F
:105E3000064B5B69002B02DAFB1D01221A70FB1D69
:105E40001B781800BD4602B080BDC046002002404D
:105E500023016745AB89EFCD80B582B000AFFB1D54
:105E600001221A70094B5A69084B802109060A431E
:105E70005A61064B5B69002B02DAFB1D00221A7087
:105E8000FB1D1B781800BD4602B080BD00200240FB
:105E900080B586B000AF7860396000237B614DE14A
:105EA0003B681B6801217A6991400A001340FB603E
:105EB000FB68002B00D13EE13B685B680322134086
:105EC000012B05D03B685B6803221340022B30D1C5
:105ED0007B689B683B617B695B0003229A401300EF
:105EE000DA433B6913403B613B68DA687B695B00DE
:105EF0009A4013003A6913433B617B683A699A60A0
:105F00007B685B683B6101227B699A401300DA433E
:105F10003B6913403B613B685B681B0901221A40E7
:105F20007B699A4013003A6913433B617B683A6985
:105F30005A603B685B6803221340032B17D07B68D1
:105F4000DB683B617B695B0003229A401300DA4304
:105F50003B6913403B613B689A687B695B009A40F0
:105F600013003A6913433B617B683A69DA603B6826
:105F70005B6803221340022B23D17B69DA087B681C
:105F800008329200D3583B617B69072213409B0083
:105F90000F229A401300DA433B6913403B613B6890
:105FA0001A697B6907210B409B009A4013003A69EC
:105FB00013433B617B69DA087B68083292003969D8
:105FC000D1507B681B683B617B695B0003229A4070
:105FD0001300DA433B6913403B613B685B68032273
:105FE0001A407B695B009A4013003A6913433B6196
:105FF0007B683A691A603B685A68C0239B02134069
:1060000000D198E0534A7B699B0818339B009B584A
:106010003B617B6903221340DB000F229A4013008F
:10602000DA433B6913403B617A68A023DB059A425F
:1060300019D07B68484A934213D07B68474A934201
:106040000DD07B68464A934207D07B68454A93420D
:1060500001D1052308E0062306E0032304E0022320
:1060600002E0012300E000237A6903210A40D20004
:1060700093403A6913433B6136497B699B08183367
:106080009B003A695A50334B1B683B61FB68DA430B
:106090003B6913403B613B685A6880235B031340B4
:1060A00003D03A69FB6813433B612A4B3A691A6093
:1060B000284B5B683B61FB68DA433B6913403B61FB
:1060C0003B685A6880239B03134003D03A69FB68FE
:1060D00013433B611F4B3A695A601E4A8423D358CD
:1060E0003B61FB68DA433B6913403B613B685A689C
:1060F00080239B02134003D03A69FB6813433B6142
:10610000144984223B698B50124A8023D3583B6147
:10611000FB68DA433B6913403B613B685A68802364
:106120005B02134003D03A69FB6813433B610949A2
:1061300080223B698B507B6901337B613B681A6825
:106140007B69DA40131E00D0AAE6C046C046BD46B1
:1061500006B080BD00180240000400500008005046
:10616000000C00500014005080B584B000AF78607F
:106170000A00BB1C1A807B681B69BA1C128813407A
:1061800004D00F23FB1801221A7003E00F23FB1821
:1061900000221A700F23FB181B781800BD4604B0AC
:1061A00080BD80B582B000AF786008001100BB1CD4
:1061B000021C1A807B1C0A1C1A707B1C1B78002B8B
:1061C00004D0BB1C1A887B689A6103E0BB1C1A8848
:1061D0007B689A62C046BD4602B080BD80B582B081
:1061E00000AF0200BB1D1A80104BDB68BA1D12887D
:1061F000134008D00D4BBA1D1288DA60BB1D1B88F6
:106200001800FDF72BFD094B1B69BA1D12881340BE
:1062100008D0064BBA1D12881A61BB1D1B881800D6
:1062200000F006F8C046BD4602B080BD001802402E
:1062300080B582B000AF0200BB1D1A80C046BD46CB
:1062400002B080BD80B582B000AF78607B68002B63
:1062500001D101238FE07B6841229B5CDBB2002BE4
:1062600007D17B684022002199547B681800FFF712
:1062700023F97B684122242199547B681B681A68A2
:106280007B681B6801218A431A607B685A687B68B7
:106290001B683B490A401A617B681B689A687B68E7
:1062A0001B6838490A409A607B68DB68012B08D17B
:1062B0007B689A687B681B68802109020A439A60A0
:1062C00007E07B689A687B681B68842109020A439F
:1062D0009A607B68DB68022B09D17B681B685A686F
:1062E0007B681B68802109010A435A6007E07B68CC
:1062F0001B685A687B681B6823490A405A607B68A0
:106300001B685A687B681B6820490A435A607B688F
:106310001B68DA687B681B681A490A40DA607B6888
:106320001A697B685B691A4311007B689B691A02D2
:106330007B681B680A43DA607B68D9697B681A6AE4
:106340007B681B680A431A607B681B681A687B6855
:106350001B6801210A431A607B6800225A647B682B
:106360004122202199547B6800221A637B684222D3
:106370000021995400231800BD4602B080BDC046DC
:10638000FFFFFFF0FF7FFFFFFFF7FFFF008000022E
:1063900090B589B002AFF86008007A6019000A234E
:1063A000FB18021C1A800823FB180A1C1A80FB68C1
:1063B00041229B5CDBB2202B00D0E7E0FB6840224F
:1063C0009B5C012B01D10223E1E0FB68402201210B
:1063D0009954FFF79BFB03007B6180231902F86847
:1063E0007B6900931923012202F02EF9031E01D0CC
:1063F0000123CCE0FB68412221219954FB68422211
:1064000010219954FB6800225A64FB687A685A622A
:10641000FB680822BA1812885A85FB6800225A6362
:10642000FB685B8D9BB2FF2B11D9FB68FF221A859D
:10643000FB681B8DDAB280235C040A23FB181988E1
:10644000F868554B0093230002F076FB75E0FB687B
:106450005B8D9AB2FB681A85FB681B8DDAB28023CC
:106460009C040A23FB181988F8684B4B00932300FF
:1064700002F062FB61E07A69B96AFB68180002F019
:106480003BF9031E01D0012381E0FB685B6A1A78A7
:10649000FB681B689A62FB685B6A5A1CFB685A625D
:1064A000FB685B8D9BB2013B9AB2FB685A85FB6827
:1064B0001B8D013B9AB2FB681A85FB685B8D9BB212
:1064C000002B3AD0FB681B8D002B36D1BA6AF868D6
:1064D0007B69009313000022802102F0B5F8031EAF
:1064E00001D0012353E0FB685B8D9BB2FF2B11D9D8
:1064F000FB68FF221A85FB681B8DDAB280235C04DF
:106500000A23FB181988F86800230093230002F07F
:1065100013FB12E0FB685B8D9AB2FB681A85FB687F
:106520001B8DDAB280239C040A23FB181988F868B3
:1065300000230093230002F0FFFAFB685B8D9BB2FF
:10654000002B98D17A69B96AFB68180002F01AF931
:10655000031E01D001231AE0FB681B682022DA61C8
:10656000FB681B685A68FB681B680C490A405A6044
:10657000FB68412220219954FB6842220021995452
:10658000FB68402200219954002300E002231800F8
:10659000BD4607B090BDC0460020008000E800FE68
:1065A00090B589B002AFF86008007A6019000A233C
:1065B000FB18021C1A800823FB180A1C1A80FB68AF
:1065C00041229B5CDBB2202B00D0E8E0FB6840223C
:1065D0009B5C012B01D10223E2E0FB6840220121F8
:1065E0009954FFF793FA03007B6180231902F8683E
:1065F0007B6900931923012202F026F8031E01D0C3
:106600000123CDE0FB68412222219954FB684222FC
:1066100010219954FB6800225A64FB687A685A6218
:10662000FB680822BA1812885A85FB6800225A6350
:10663000FB685B8D9BB2FF2B11D9FB68FF221A858B
:10664000FB681B8DDAB280235C040A23FB181988CF
:10665000F868554B0093230002F06EFA76E0FB6871
:106660005B8D9AB2FB681A85FB681B8DDAB28023BA
:106670009C040A23FB181988F8684B4B00932300ED
:1066800002F05AFA62E07A69B96AFB68180002F00F
:10669000BDF8031E01D0012382E0FB681B685A6A23
:1066A000FB685B6AD2B21A70FB685B6A5A1CFB68B3
:1066B0005A62FB681B8D013B9AB2FB681A85FB6826
:1066C0005B8D9BB2013B9AB2FB685A85FB685B8D80
:1066D0009BB2002B3AD0FB681B8D002B36D1BA6AD7
:1066E000F8687B69009313000022802101F0ACFF61
:1066F000031E01D0012353E0FB685B8D9BB2FF2B8F
:1067000011D9FB68FF221A85FB681B8DDAB2802342
:106710005C040A23FB181988F868002300932300FF
:1067200002F00AFA12E0FB685B8D9AB2FB681A85E8
:10673000FB681B8DDAB280239C040A23FB1819889E
:10674000F86800230093230002F0F6F9FB685B8DE4
:106750009BB2002B97D17A69B96AFB68180002F0E6
:1067600011F8031E01D001231AE0FB681B682022E8
:10677000DA61FB681B685A68FB681B680B490A40B2
:106780005A60FB68412220219954FB684222002173
:106790009954FB68402200219954002300E0022311
:1067A0001800BD4607B090BD0024008000E800FE40
:1067B00090B589B002AFF8600C00100019000A23F0
:1067C000FB18221C1A800823FB18021C1A80BB1D10
:1067D0000A1C1A80FB6841229B5CDBB2202B00D094
:1067E0000CE1BB6A002B04D02C23FB181B88002B68
:1067F00005D1FB68802292005A640123FFE0FB6808
:1068000040229B5C012B01D10223F8E0FB6840226F
:1068100001219954FFF77AF903007B618023190263
:10682000F8687B6900931923012201F00DFF031E14
:1068300001D00123E3E0FB68412221219954FB6848
:10684000422240219954FB6800225A64FB68BA6ACC
:106850005A62FB682C22BA1812885A85FB680022FB
:106860005A63BB1D1C880823FB181A880A23FB18CF
:106870001988F8687B6901933B6B0093230001F052
:10688000A9F8031E05D0FB6840220021995401237A
:10689000B5E0FB685B8D9BB2FF2B11D9FB68FF2233
:1068A0001A85FB681B8DDAB280235C040A23FB186F
:1068B0001988F86800230093230002F03DF912E0E4
:1068C000FB685B8D9AB2FB681A85FB681B8DDAB298
:1068D00080239C040A23FB181988F868002300937E
:1068E000230002F029F97A69396BFB68180001F07E
:1068F00003FF031E01D0012381E0FB685B6A1A7865
:10690000FB681B689A62FB685B6A5A1CFB685A62E8
:10691000FB685B8D9BB2013B9AB2FB685A85FB68B2
:106920001B8D013B9AB2FB681A85FB685B8D9BB29D
:10693000002B3AD0FB681B8D002B36D13A6BF868E0
:106940007B69009313000022802101F07DFE031E6D
:1069500001D0012353E0FB685B8D9BB2FF2B11D963
:10696000FB68FF221A85FB681B8DDAB280235C046A
:106970000A23FB181988F86800230093230002F00B
:10698000DBF812E0FB685B8D9AB2FB681A85FB6846
:106990001B8DDAB280239C040A23FB181988F8683F
:1069A00000230093230002F0C7F8FB685B8D9BB2C5
:1069B000002B98D17A69396BFB68180001F0E2FE70
:1069C000031E01D001231AE0FB681B682022DA6154
:1069D000FB681B685A68FB681B680B490A405A60D1
:1069E000FB68412220219954FB68422200219954DE
:1069F000FB68402200219954002300E00223180084
:106A0000BD4607B090BDC04600E800FE90B589B015
:106A100002AFF8600C00100019000A23FB18221CBA
:106A20001A800823FB18021C1A80BB1D0A1C1A803E
:106A3000FB6841229B5CDBB2202B00D010E1BB6ADB
:106A4000002B04D02C23FB181B88002B05D1FB68DE
:106A5000802292005A64012303E1FB6840229B5C80
:106A6000012B01D10223FCE0FB6840220121995453
:106A7000FFF74CF803007B6180231902F8687B69FB
:106A800000931923012201F0DFFD031E01D0012331
:106A9000E7E0FB68412222219954FB684222402111
:106AA0009954FB6800225A64FB68BA6A5A62FB6810
:106AB0002C22BA1812885A85FB6800225A63BB1D23
:106AC0001C880823FB181A880A23FB181988F86801
:106AD0007B6901933B6B0093230000F0DFFF031EF3
:106AE00005D0FB684022002199540123B9E0FB68DE
:106AF0005B8D9BB2FF2B11D9FB68FF221A85FB68C7
:106B00001B8DDAB280235C040A23FB181988F8680D
:106B1000564B0093230002F00FF812E0FB685B8DE8
:106B20009AB2FB681A85FB681B8DDAB280239C043D
:106B30000A23FB181988F8684C4B0093230001F0D6
:106B4000FBFF3A6BF8687B69009313000022042175
:106B500001F07AFD031E01D0012382E0FB681B686F
:106B60005A6AFB685B6AD2B21A70FB685B6A5A1C8D
:106B7000FB685A62FB681B8D013B9AB2FB681A8561
:106B8000FB685B8D9BB2013B9AB2FB685A85FB6840
:106B90005B8D9BB2002B3AD0FB681B8D002B36D14E
:106BA0003A6BF8687B69009313000022802101F0A2
:106BB0004BFD031E01D0012353E0FB685B8D9BB2AC
:106BC000FF2B11D9FB68FF221A85FB681B8DDAB2F7
:106BD00080235C040A23FB181988F86800230093BB
:106BE000230001F0A9FF12E0FB685B8D9AB2FB68FD
:106BF0001A85FB681B8DDAB280239C040A23FB18DC
:106C00001988F86800230093230001F095FFFB68C2
:106C10005B8D9BB2002B94D17A69396BFB681800AD
:106C200001F0B0FD031E01D001231AE0FB681B68D0
:106C30002022DA61FB681B685A68FB681B680C49F4
:106C40000A405A60FB68412220219954FB68422285
:106C500000219954FB68402200219954002300E050
:106C600002231800BD4607B090BDC0460024008036
:106C700000E800FE80B586B000AFF860B9603B6008
:106C8000BB1D1A80FB6841229B5CDBB21A002823E3
:106C90001340282B00D09FE0BB68002B03D0BB1D06
:106CA0001B88002B05D1FB68802292005A640123C7
:106CB00093E04C4AFB681100180002F001F8FB68F1
:106CC00040229B5C012B01D1022386E0FB6840221D
:106CD00001219954FB6841229B5CDBB22A2B2CD109
:106CE000FB680221180001F0EBFFFB681B681A68C3
:106CF00080231B021A4080231B029A421DD1FB688D
:106D00001B681A68FB681B6837490A401A60FB68F1
:106D1000DB6B002B11D0FB68DB6B344A9A63FB689A
:106D2000DB6B1800FEF7FEFF031E06D0FB68DB6B73
:106D30009A6BFB68DB6B18009047FB6841222921A6
:106D40009954FB68422220219954FB6800225A641E
:106D5000FB681B685A68FB681B6823490A405A6035
:106D6000FB68BA685A62FB68BA1D12885A85FB68CC
:106D70005B8D9AB2FB681A85FB683A68DA62FB6839
:106D80001B4A5A63FB681B689B6908221340083B37
:106D90005A425341DAB217217B181A70FB681B68FC
:106DA0009B691B0CDBB201221340DBB2012B07D124
:106DB0007B181B78002B03D0FB681B680822DA6164
:106DC000FB68402200219954064AFB681100180014
:106DD00001F0ECFE002300E001231800BD4606B0E0
:106DE00080BDC04601800000FF7FFFFF0B860008CA
:106DF0002571000880B586B000AFF860B9603B60CF
:106E0000BB1D1A80FB6841229B5CDBB21A00282361
:106E10001340282B00D09FE0BB68002B03D0BB1D84
:106E20001B88002B05D1FB68802292005A64012345
:106E300093E04C4AFB681100180001F041FFFB6829
:106E400040229B5C012B01D1022386E0FB6840229B
:106E500001219954FB6841229B5CDBB2292B2CD188
:106E6000FB680121180001F02BFFFB681B681A6802
:106E70008023DB011A408023DB019A421DD1FB688D
:106E80001B681A68FB681B6837490A401A60FB6870
:106E90009B6B002B11D0FB689B6B344A9A63FB6899
:106EA0009B6B1800FEF73EFF031E06D0FB689B6B32
:106EB0009A6BFB689B6B18009047FB6841222A2164
:106EC0009954FB68422220219954FB6800225A649D
:106ED000FB681B685A68FB681B6825490A405A60B2
:106EE000FB68BA685A62FB68BA1D12885A85FB684B
:106EF0005B8D9AB2FB681A85FB683A68DA62FB68B8
:106F00001C4A5A63FB681B689B6908221340083BB4
:106F10005A425341DAB217217B181A70FB681B687A
:106F20009B691B0CDBB201221340DBB2002B07D1A3
:106F30007B181B78002B03D0FB681B680822DA61E2
:106F4000FB68402200219954064AFB681100180092
:106F500001F02CFE002300E001231800BD4606B01E
:106F600080BDC04602800000FFBFFFFF0B86000807
:106F7000FF7FFFFF2571000880B582B000AF786009
:106F80007B6841229B5CDBB2202B0FD17B684122C6
:106F9000282199547B68084A5A6380231A027B6827
:106FA0001100180001F002FE002300E00223180087
:106FB000BD4602B080BDC0462571000880B584B0D2
:106FC00000AF78607B681B689B69FB607B681B680F
:106FD0001B68BB607B685B6B002B05D07B685B6BC1
:106FE000BA68F96878689847C046BD4604B080BD65
:106FF00080B586B000AF78607B681B689B697B6159
:107000007B681B681B683B617B691B0A1A000123B4
:10701000134010D03B69DB091A00012313400AD04A
:107020007B685B6C01221A437B685A647B681B682F
:1070300080225200DA617B699B0A1A000123134007
:1070400010D03B69DB091A00012313400AD07B688A
:107050005B6C08221A437B685A647B681B68802239
:10706000D200DA617B695B0A1A000123134010D059
:107070003B69DB091A00012313400AD07B685B6C73
:1070800002221A437B685A647B681B688022920044
:10709000DA617B685B6CFB60FB680B22134005D0F8
:1070A000FA687B681100180001F062F9C046BD461D
:1070B00006B080BD80B582B000AF7860C046BD46E6
:1070C00002B080BD80B582B000AF7860C046BD46DA
:1070D00002B080BD80B582B000AF7860C046BD46CA
:1070E00002B080BD80B582B000AF7860C046BD46BA
:1070F00002B080BD80B582B000AF7860C046BD46AA
:1071000002B080BD80B582B000AF7860C046BD4699
:1071100002B080BD80B582B000AF7860C046BD4689
:1071200002B080BD80B586B000AFF860B9607A600B
:10713000FB68DB6A7B61BB683B61FB6840229B5C50
:10714000012B01D10223FBE0FB684022012199546D
:107150003B695B091A00012313400CD07B685B0973
:107160001A000123134006D03A69FB681100180089
:1071700000F014FFDFE03B691B091A0001231340F4
:1071800054D07B681B091A00012313404ED0FB68C2
:107190005B8D9BB2002B2DD1FB6841229B5CDBB247
:1071A000282B0BD17A6980239B049A4206D13A6935
:1071B000FB681100180001F081F836E0FB684122FD
:1071C0009B5CDBB2292B10D17B695F4A93420CD0C8
:1071D000FB681B681022DA61FB68180001F0F3F904
:1071E000FB68180000F0A2FD1FE0FB681B6810227E
:1071F000DA619DE0FB681B681022DA61FB685B6C5A
:1072000004221A43FB685A647B69002B05D07A6913
:1072100080235B049A4200D08AE0FB685A6CFB68CA
:107220001100180001F0A4F882E081E03B699B089E
:107230001A000123134031D07B689B081A000123F8
:1072400013402BD0FB685B8D9BB2002B18D0FB68E2
:107250001B685A6AFB685B6AD2B21A70FB685B6A89
:107260005A1CFB685A62FB681B8D013B9AB2FB6893
:107270001A85FB685B8D9BB2013B9AB2FB685A850D
:10728000FB685B8D9BB2002B54D17B692E4A9342E5
:1072900050D0FB68180000F049FD4BE03B69DB086B
:1072A0001A00012313400CD07B68DB081A0001236D
:1072B000134006D03A69FB681100180000F050FC3A
:1072C00039E03B695B081A000123134033D07B6827
:1072D0005B081A00012313402DD0FB685B8D9BB225
:1072E000002B18D0FB685B6A1A78FB681B689A62EF
:1072F000FB685B6A5A1CFB685A62FB685B8D9BB239
:10730000013B9AB2FB685A85FB681B8D013B9AB220
:10731000FB681A850FE07A6980235B049A4202D0E9
:107320007B69002B07D1FB68180000F0FFFC02E02E
:10733000C04600E0C046FB6840220021995400236B
:107340001800BD4606B080BD0000FFFF90B589B0B3
:1073500002AFF860B9607A60FB6840229B5C012B49
:1073600001D10223F7E0FB68402201219954BB6858
:107370001B091A000123134019D07B681B091A004E
:107380000123134013D0FB681B681022DA61FB68ED
:107390005B6C04221A43FB685A64FB6820211800C6
:1073A00001F004FCFB68180001F00DF9CEE0BB68A9
:1073B000DB091A000123134000D17EE07B689B09A2
:1073C0001A000123134000D177E0FB681B681A689C
:1073D000FB681B6840218A431A60FB685B8D9BB287
:1073E000002B55D0FB681B685B689AB21223FB1810
:1073F0009205920D1A80FB685B8D9BB2FF2B06D91C
:10740000FB68FF221A8580235B047B6110E0FB6828
:107410005B8D9AB2FB681A85FB68DB6A504A93421F
:1074200003D0FB68DB6A7B6102E080239B047B6105
:10743000FB681B8DDAB27C691223FB181988F86887
:1074400000230093230001F077FBFB685B8D9AB269
:10745000FB681B8DD31A9AB2FB685A85FB684122E0
:107460009B5CDBB2222B09D1FB681B681A68FB68A6
:107470001B68802109020A431A6067E0FB681B68E9
:107480001A68FB681B688021C9010A431A605DE025
:10749000FB681B685A6880239B041A4080239B0466
:1074A0009A4204D0FB68180000F0FEFB4EE0FB6837
:1074B0004021180000F05CFF48E0BB689B091A00FF
:1074C000012313402ED07B689B091A00012313402F
:1074D00028D0FB685B8D9BB2002B1DD1FB681B681D
:1074E0005A6880239B041A4080239B049A422CD024
:1074F000FB68DB6A1A4A934209D1FB681B685A6829
:10750000FB681B688021C9010A435A601DE0FB68C3
:10751000180000F0C9FB18E0FB684021180000F0DB
:1075200027FF12E0BB685B091A00012313400DD04E
:107530007B685B091A000123134007D0BA68FB6817
:107540001100180000F058FC00E0C046FB68402223
:107550000021995400231800BD4607B090BDC046D5
:107560000000FFFF90B589B002AFF860B9607A60A3
:107570009A4B7B61FB6840229B5C012B01D102236B
:1075800027E1FB68402201219954BB681B091A00BE
:107590000123134019D07B681B091A0001231340F3
:1075A00013D0FB681B681022DA61FB685B6C042255
:1075B0001A43FB685A64FB682021180001F0F6FAB0
:1075C000FB68180000F0FFFFFEE0BB685B081A00D4
:1075D000012313400FD07B685B081A00012313407E
:1075E00009D0FB681B68FA68126D9A62FB68012279
:1075F00052421A65E8E0BB68DB091A000123134018
:1076000065D07B689B091A00012313405FD0FB689B
:107610000121180001F054FBFB681021180001F053
:10762000C5FAFB685B8D9BB2002B4AD0FB685B8D73
:107630009BB2FF2B10D9FB68FF221A85FB68DB6C1D
:1076400099B2FB681B8DDAB280235B04F8680024D2
:10765000009401F071FA11E0FB685B8D9AB2FB684F
:107660001A85FB68DB6C99B2FB681B8DDAB280234C
:107670009B04F8680024009401F05EFAFB685B8DBF
:107680009AB2FB681B8DD31A9AB2FB685A85FB68C5
:1076900041229B5CDBB2222B09D1FB681B681A6874
:1076A000FB681B68802109020A431A608CE0FB68B2
:1076B0001B681A68FB681B688021C9010A431A60AD
:1076C00082E0FB684021180000F052FE7CE0BB68BD
:1076D0009B091A000123134064D07B689B091A00A0
:1076E000012313405ED0FB680121180001F0E8FA85
:1076F000FB681021180001F059FAFB6841229B5CDD
:10770000DBB2222B01D1364B7B61FB685B8D9BB2D8
:10771000FF2B11D9FB68FF221A85FB68DB6C99B23D
:10772000FB681B8DDAB280235C04F8687B690093E8
:10773000230001F001FA12E0FB685B8D9AB2FB684E
:107740001A85FB68DB6C99B2FB681B8DDAB280236B
:107750009C04F8687B690093230001F0EDF9FB6855
:107760005B8D9AB2FB681B8DD31A9AB2FB685A855F
:10777000FB6841229B5CDBB2222B09D1FB681B68B2
:107780001A68FB681B68802109020A431A601BE023
:10779000FB681B681A68FB681B688021C9010A43E3
:1077A0001A6011E0BB685B091A00012313400BD07B
:1077B0007B685B091A000123134005D0BA68FB6897
:1077C0001100180000F018FBFB68402200219954BA
:1077D00000231800BD4607B090BDC04600200080C1
:1077E0000024008080B588B000AFF860B9607A608E
:1077F000FB68DB6ABB610023FB61FB6840229B5C8A
:10780000012B01D10223DEE0FB68402201219954C3
:10781000BB685B091A00012313400CD07B685B092D
:107820001A000123134006D0BA68FB681100180043
:1078300000F0B4FBC2E0BB681B091A00012313402F
:1078400000D1A9E07B681B091A000123134000D175
:10785000A2E07B689B0B1A000123134006D17B68D2
:10786000DB0B1A000123134000D18EE0FB68DB6BB9
:10787000002B0DD07B68DB0B1A000123134007D0CF
:10788000FB68DB6B1B685B68002B01D10123FB618C
:10789000FB689B6B002B0DD07B689B0B1A000123B0
:1078A000134007D0FB689B6B1B685B68002B01D102
:1078B0000123FB61FB69012B2DD1FB6841229B5CFD
:1078C000DBB2282B0BD1BA6980239B049A4206D1E4
:1078D000BA68FB681100180000F0F0FC54E0FB6887
:1078E00041229B5CDBB2292B10D1BB69384A934201
:1078F0000CD0FB681B681022DA61FB68180000F0EE
:1079000062FEFB68180000F011FA3DE0FB681B689E
:107910001022DA613EE0FB681B681022DA61FB6826
:107920005B6C04221A43FB685A641723FB18FA683D
:107930004121525C1A70BB69002B04D0BA698023C4
:107940005B049A4226D11722BB181B78212B03D047
:10795000BB181B78292B03D1FB6821221A630BE08B
:107960001722BB181B78222B03D0BB181B782A2B9D
:1079700002D1FB6822221A63FB685A6CFB68110073
:10798000180000F0F5FC05E004E0FB681B6810221D
:10799000DA6113E0C04611E0BB68DB081A0001237E
:1079A00013400BD07B68DB081A000123134005D07D
:1079B000BA68FB681100180000F0D2F8FB6840229A
:1079C0000021995400231800BD4608B080BDC04670
:1079D0000000FFFFB0B586B002AFF8600C001000E9
:1079E00019000A257B19221C1A800823FB18021C87
:1079F0001A80BB1D0A1C1A80BB1D1B88DAB28023AB
:107A00005C047B191988F868234B0093230001F06C
:107A100093F87A6A396AFB68180000F06DFE031E5D
:107A200001D0012333E0BB1D1B88012B07D10823A4
:107A3000FB181B88DAB2FB681B689A6219E00823FE
:107A4000FB181B881B0A9BB2DAB2FB681B689A62A0
:107A50007A6A396AFB68180000F04EFE031E01D0F6
:107A6000012314E00823FB181B88DAB2FB681B68AB
:107A70009A623A6AF8687B6A0093130000228021B8
:107A800000F0E2FD031E01D0012300E000231800F6
:107A9000BD4604B0B0BDC04600200080B0B586B081
:107AA00002AFF8600C00100019000A257B19221C97
:107AB0001A800823FB18021C1A80BB1D0A1C1A809E
:107AC000BB1D1B88DAB27B191988F868234B009319
:107AD000002301F031F87A6A396AFB68180000F077
:107AE0000BFE031E01D0012333E0BB1D1B88012BBD
:107AF00007D10823FB181B88DAB2FB681B689A625F
:107B000019E00823FB181B881B0A9BB2DAB2FB683A
:107B10001B689A627A6A396AFB68180000F0ECFD0B
:107B2000031E01D0012314E00823FB181B88DAB2DE
:107B3000FB681B689A623A6AF8687B6A00931300D4
:107B40000022402100F080FD031E01D0012300E04F
:107B500000231800BD4604B0B0BDC0460020008020
:107B6000B0B584B000AF786039607B6841229B5C1F
:107B7000DBB21A0028231340282B00D088E07B6852
:107B80001B689B691B0CDAB20F257B1901210A4087
:107B90001A707B681B689B691B0C9AB20C203B18FF
:107BA000FE210A401A807B681B689B689AB20A24EF
:107BB0003B199205920D1A807B681B68DB689AB2AC
:107BC0000823FB18FE210A401A807B68DB68022B21
:107BD00048D121007B181B88DB099AB23B181B880F
:107BE00053409BB21A000623134020D13B187A1849
:107BF00012881A807B689B6C5A1C7B689A647B682D
:107C00009B6C022B4CD17B6800229A647B681B68BA
:107C10000822DA617B684022002199543B181A88B7
:107C20007B1919787B681800F9F774FE38E00C248A
:107C30003B190822BA1812881A8080231A027B681E
:107C40001100180001F03CF87B6840220021995493
:107C50003B191A880F23FB1819787B681800F9F76D
:107C600059FE1DE080231A027B681100180001F004
:107C700027F87B684022002199540C23FB181A88AE
:107C80000F23FB1819787B681800F9F743FE07E00B
:107C90007B681B680822DA617B68402200219954C6
:107CA000C046BD4604B0B0BD80B582B000AF7860BC
:107CB0007B684222002199547B6841229B5CDBB2A5
:107CC000212B17D17B684122202199547B681122F6
:107CD0001A637B6800225A637B680121180000F058
:107CE000EFFF7B684022002199547B681800FFF762
:107CF000E1F916E07B684122202199547B68122229
:107D00001A637B6800225A637B680221180000F026
:107D1000D7FF7B684022002199547B681800FFF749
:107D2000D1F9C046BD4602B080BD000080B584B028
:107D300000AF78607B681B681B68FB607B68422231
:107D400000219954FB689B0B1A000123134008D0B3
:107D50007B681B681A687B681B6825490A401A60A3
:107D60000DE0FB68DB0B1A000123134007D07B6892
:107D70001B681A687B681B681E490A401A607B688A
:107D800041229B5CDBB2292B14D17B684122282144
:107D900099547B6821221A637B680121180000F046
:107DA0008FFF7B684022002199547B681800FFF701
:107DB00091F919E07B6841229B5CDBB22A2B13D13D
:107DC0007B684122282199547B6822221A637B68B0
:107DD0000221180000F074FF7B68402200219954B2
:107DE0007B681800F9F7D6FDC046BD4604B080BDDB
:107DF000FFBFFFFFFF7FFFFF80B586B000AF786059
:107E000039603B687B617B681B682022DA617B6894
:107E100041229B5CDBB2212B08D17B680121180039
:107E200000F04EFF7B6811221A630DE07B6841224F
:107E30009B5CDBB2222B07D17B680221180000F08B
:107E40003FFF7B6812221A637B681B685A687B6855
:107E50001B6850490A405A607B6800225A637B685D
:107E60004D4ADA627B691B091A000123134009D0CD
:107E70007B681B681022DA617B685B6C04221A4302
:107E80007B685A647B6841229B5CDBB2602B0BD120
:107E90007B699B081A000123134005D07B681B688F
:107EA0005B6ADBB2FB60FB687B68180000F08BFB51
:107EB0007B685B6C3B617B6841229B5CDBB2602B27
:107EC00002D03B69002B07D07B685A6C7B6811009D
:107ED000180000F04DFA58E07B6841229B5CDBB251
:107EE000212B26D17B684122202199547B680022D6
:107EF0001A637B6842229B5CDBB2402B0CD17B680F
:107F00004222002199547B684022002199547B68C9
:107F10001800FFF7E7F838E07B6842220021995407
:107F20007B684022002199547B681800FFF7C2F853
:107F30002BE07B6841229B5CDBB2222B25D17B6846
:107F40004122202199547B6800221A637B684222D7
:107F50009B5CDBB2402B0CD17B6842220021995400
:107F60007B684022002199547B681800FFF7C2F813
:107F70000BE07B684222002199547B68402200215B
:107F800099547B681800FFF79DF8C046BD4606B0BF
:107F900080BDC04600E800FE0000FFFF80B586B04F
:107FA00000AF786039607B681B681B683B613B6889
:107FB0007B617B68DB6AFB600B203B187A684121A0
:107FC000525C1A707B681B682022DA613B181B78B0
:107FD000212B03D03B181B78292B09D1B04A7B6891
:107FE0001100180000F06CFE7B6821221A6320E06B
:107FF0000B22BB181B78222B03D0BB181B782A2B13
:1080000009D1A84A7B681100180000F059FE7B686E
:1080100022221A630DE00B23FB181B78282B08D1B2
:10802000A14A7B681100180000F04AFE7B6800221C
:108030001A637B681B685A687B681B688021090289
:108040000A435A607B681B685A687B681B689749BB
:108050000A405A607B68180000F0B5FA3B699B0B38
:108060001A000123134013D07B681B681A687B68D1
:108070001B688F490A401A607B689B6B002B20D0DD
:108080007B689B6B1B685B689AB27B685A8518E0BB
:108090003B69DB0B1A000123134012D07B681B687D
:1080A0001A687B681B6883490A401A607B68DB6B2F
:1080B000002B06D07B68DB6B1B685B689AB27B6821
:1080C0005A857B699B081A000123134020D07B69E5
:1080D000042293437B617B681B685A6A7B685B6AF6
:1080E000D2B21A707B685B6A5A1C7B685A627B68E2
:1080F0001B8D002B0CD07B681B8D013B9AB27B68DB
:108100001A857B685B8D9BB2013B9AB27B685A856E
:108110007B685B8D9BB2002B05D07B685B6C042277
:108120001A437B685A647B691B091A0001231340B8
:1081300051D03B691B091A00012313404BD07B68C7
:108140005B8D9BB2002B2DD17B6841229B5CDBB207
:10815000282B0BD1FA6880239B049A4206D17A69B6
:108160007B681100180000F0A9F834E07B68412218
:108170009B5CDBB2292B10D1FB684F4A93420CD099
:108180007B681B681022DA617B68180000F01BFA1C
:108190007B681800FFF7CAFD1DE07B681B68102292
:1081A000DA6118E07B681B681022DA617B685B6C1F
:1081B00004221A437B685A64FB68002B04D0FA68D7
:1081C00080235B049A4206D17B685A6C7B6811005D
:1081D000180000F0CDF87B684222002199547B689A
:1081E00000225A637B685B6C002B13D07B685A6C4F
:1081F0007B681100180000F0BBF87B6841229B5C93
:10820000DBB2282B47D17A697B681100180000F097
:1082100055F840E07B68DB6A274A934216D07B68BA
:108220001800FFF783FD7B68234ADA627B684122EE
:10823000202199547B6800221A637B684022002128
:1082400099547B681800F9F7E9FB24E07B68412228
:108250009B5CDBB2222B0FD17B68412220219954F9
:108260007B6800221A637B684022002199547B6856
:108270001800F9F78FFB0EE07B684122202199540A
:108280007B6800221A637B684022002199547B6836
:108290001800FEF71FFFC046BD4606B080BDC046B1
:1082A00001800000028000000380000000E800FE62
:1082B000FFBFFFFFFF7FFFFF0000FFFF80B582B021
:1082C00000AF786039607B68274ADA627B680022F9
:1082D0001A637B684122202199547B684222002145
:1082E00099547B6800225A633B689B081A0001235B
:1082F000134022D07B681B685A6A7B685B6AD2B2E3
:108300001A707B685B6A5A1C7B685A627B681B8D9B
:10831000002B12D07B681B8D013B9AB27B681A85BB
:108320007B685B8D9BB2013B9AB27B685A857B6808
:108330005B6C04221A437B685A640C4A7B68110008
:10834000180000F0BDFC7B681B681022DA617B68B6
:108350004022002199547B681800F9F75FFBC04662
:10836000BD4602B080BDC0460000FFFF0380000094
:1083700080B584B000AF786039600F203B187A6810
:108380004121525C1A707B684222002199547B681B
:10839000724ADA627B6800225A857B685A6C3B68B5
:1083A0001A437B685A643B181B78282B07D03B186C
:1083B0001B78292B03D03B181B782A2B0CD17B6808
:1083C0000321180000F07CFC7B684122282199548D
:1083D0007B68634A5A6332E0624A7B681100180086
:1083E00000F06EFC7B68180000F0EDF87B6841221D
:1083F0009B5CDBB2602B1FD07B684122202199540B
:108400007B681B689B6920221340202B14D17B685A
:108410001B689B6910221340102B09D17B681B68D5
:108420001022DA617B685B6C04221A437B685A6411
:108430007B681B682022DA617B6800225A637B68B4
:108440001B6BBB607B689B6B002B3BD0BB68112B0D
:1084500002D0BB68212B35D17B681B681A6880234A
:10846000DB011A408023DB019A4207D17B681B683D
:108470001A687B681B683C490A401A607B689B6BE2
:108480001800FDF7B9FC0300012B16D07B689B6B2D
:10849000364A9A637B684022002199547B689B6B23
:1084A0001800FDF73FFC031E51D07B689B6B9A6B55
:1084B0007B689B6B1800904749E07B68180000F0D0
:1084C00059F844E07B68DB6B002B3BD0BB68122B78
:1084D00002D0BB68222B35D17B681B681A688023C9
:1084E0001B021A4080231B029A4207D17B681B683B
:1084F0001A687B681B681E490A401A607B68DB6B40
:108500001800FDF779FC0300012B16D07B68DB6BAC
:10851000164A9A637B684022002199547B68DB6B82
:108520001800FDF7FFFB031E13D07B68DB6B9A6B13
:108530007B68DB6B180090470BE07B68180000F04D
:1085400019F806E07B68180000F014F802E0C04655
:1085500000E0C046C046BD4604B080BD0000FFFF3D
:108560002571000803800000FFBFFFFF0B86000895
:10857000FF7FFFFF80B582B000AF78607B6841224B
:108580009B5CDBB2602B0FD17B6841222021995488
:108590007B6800221A637B684022002199547B6823
:1085A0001800FEF7B7FD0AE07B6800221A637B68BB
:1085B0004022002199547B681800FEF7A3FDC046B5
:1085C000BD4602B080BD80B582B000AF78607B68E8
:1085D0001B689B6902221340022B03D17B681B6836
:1085E00000229A627B681B689B6901221340012B61
:1085F00007D07B681B689A697B681B6801210A4366
:108600009A61C046BD4602B080BD80B584B000AF5F
:1086100078607B689B6AFB60FB689B6B002B03D0D8
:10862000FB689B6B00229A63FB68DB6B002B03D01B
:10863000FB68DB6B00229A63FB681800FFF79AFF68
:10864000C046BD4604B080BD80B584B000AFF860C0
:10865000B9603B60FB1D1A703AE0BA693968FB6883
:10866000180000F071F9031E01D0012340E03B68BF
:1086700001332DD0FDF74AFA0200BB69D31A3A68DC
:108680009A4202D33B68002B22D1FB681B689B698E
:10869000BA681340BA68D31A5A425341DBB21A007F
:1086A000FB1D1B789A4213D1FB685B6C20221A4396
:1086B000FB685A64FB68412220219954FB684222DE
:1086C00000219954FB6840220021995401230FE0B6
:1086D000FB681B689B69BA681340BA68D31A5A4290
:1086E0005341DBB21A00FB1D1B789A42B5D0002320
:1086F0001800BD4604B080BD80B584B000AFF860FE
:10870000B9607A6032E07A68B968FB68180000F0F6
:108710001BF9031E01D0012330E0BB68013325D0D3
:10872000FDF7F4F902007B68D31ABA689A4202D3C3
:10873000BB68002B1AD1FB681B689B69022213409F
:10874000022B13D0FB685B6C20221A43FB685A642F
:10875000FB68412220219954FB6842220021995450
:10876000FB68402200219954012307E0FB681B6845
:108770009B6902221340022BC5D100231800BD467D
:1087800004B080BD80B584B000AFF860B9607A6095
:108790002FE07A68B968FB68180000F0D5F8031E6E
:1087A00001D001232DE0FDF7B1F902007B68D31A57
:1087B000BA689A4202D3BB68002B1AD1FB681B68C7
:1087C0009B6920221340202B13D0FB685B6C202276
:1087D0001A43FB685A64FB68412220219954FB68C4
:1087E000422200219954FB68402200219954012320
:1087F00007E0FB681B689B6920221340202BC8D12F
:1088000000231800BD4604B080BD000080B586B0CE
:1088100000AFF860B9607A601723FB1800221A7065
:108820007BE07A68B968FB68180000F08DF8031ED9
:1088300003D01723FB1801221A70FB681B689B6981
:1088400020221340202B40D117217B181B78002BAE
:108850003BD1FB681B689B6904221340042B06D1A3
:10886000FB681B8D002B02D07B1800221A70FB685E
:108870001B689B6910221340102B23D1FB681B68D7
:108880001022DA61FB6804225A64FB681B6820220C
:10889000DA61FB681B685A68FB681B6829490A4053
:1088A0005A60FB68412220219954FB684222002132
:1088B0009954FB684022002199541723FB18012288
:1088C0001A7002E0FB6800225A64FDF71FF90200EB
:1088D0007B68D31ABA689A4202D3BB68002B1CD1BA
:1088E00017203B181B78002B17D1FB681B689B696E
:1088F00004221340042B10D0FB685B6C20221A4327
:10890000FB685A64FB68412220219954FB6840228D
:10891000002199543B1801221A70FB681B689B695F
:1089200004221340042B05D01723FB181B78002BBF
:1089300000D176E71723FB181B781800BD4606B058
:1089400080BDC04600E800FE80B58AB000AFF86088
:10895000B9607A602723FB1800221A70FB681B6835
:108960009B69BB6100233B627B68FB61BB69102292
:10897000134000D179E0FB681B681022DA6157E0F0
:108980002722BB18BA1812781A70BB6801334FD06F
:10899000FDF7BCF80200FB69D31ABA689A4202D309
:1089A000BB68002B44D1FB681B685A688023DB013D
:1089B00013407B6113203B18FA684221525C1A7005
:1089C000FB681B689A6980231B021A4080231B02E4
:1089D0009A4226D17A698023DB019A4221D03B1842
:1089E0001B78202B1DD0FB681B685A68FB681B682E
:1089F0008021C9010A435A60FDF788F80300FB6132
:108A00000FE0FDF783F80200FB69D31A192B08D990
:108A10003B6A202213433B622723FB1801221A7072
:108A200006E0FB681B689B6920221340202BE8D1DD
:108A3000FB681B689B6920221340202B04D027234E
:108A4000FB181B78002B9BD02723FB181B78002BCF
:108A500003D1FB681B682022DA613B6A04221343BE
:108A60003B622723FB1801221A70FB681B689B6975
:108A7000BB61BA6980235B0013400CD03B6A0122C2
:108A800013433B62FB681B6880225200DA61272394
:108A9000FB1801221A70BA698023DB0013400CD046
:108AA0003B6A082213433B62FB681B688022D200AA
:108AB000DA612723FB1801221A70BA6980239B0010
:108AC00013400CD03B6A022213433B62FB681B68D5
:108AD00080229200DA612723FB1801221A702723D3
:108AE000FB181B78002B1DD0FB681800FFF76BFDEF
:108AF000FB681B685A68FB681B680E490A405A608D
:108B0000FB685A6C3B6A1A43FB685A64FB68412253
:108B100020219954FB68422200219954FB6840228D
:108B2000002199542723FB181B781800BD460AB072
:108B300080BDC04600E800FE90B587B000AFF86089
:108B4000080011007B600A243B19021C1A800920CE
:108B50003B180A1C1A703B191B889B059A0D3B1881
:108B60001B781904FF231B040B401A437B681A432C
:108B7000BB6A13435B005B087B61FB681B685B6837
:108B8000BA6A510D8022D2000A4007490A43D243F3
:108B90001A401100FB681B687A690A435A60C04694
:108BA000BD4607B090BDC046FF63FF0380B584B0EB
:108BB00000AF78600A00BB1C1A800023FB607B6852
:108BC0005A6B3C4B9A4235D07B685A6B3A4B9A426F
:108BD00030D07B685A6B394B9A422BD0BB1C002299
:108BE0009B5E002B03DAFB68B8221343FB60BB1CBF
:108BF0001B880122134003D0FB68F2221343FB6061
:108C0000BB1C1B880222134003D0FB68F4221343D1
:108C1000FB60BB1C1B88102B03D1FB689022134305
:108C2000FB60BB1C1B88202B37D1FB682022134321
:108C3000FB6032E0BB1C00229B5E002B03DAFB686A
:108C4000B8221343FB60BB1C1B880122134003D0D6
:108C5000FB68F2221343FB60BB1C1B8802221340FB
:108C600003D0FB68F4221343FB60BB1C1B88102B52
:108C700003D1FB6890221343FB60BB1C1B88202B95
:108C800003D1FB6860221343FB60BB1C1B88402B95
:108C900003D1FB6840221343FB607B681B681968A3
:108CA0007B681B68FA680A431A60C046BD4604B078
:108CB00080BDC0464D730008E57700086575000863
:108CC00080B584B000AF78600A00BB1C1A80002316
:108CD000FB60BB1C1B880122134010D0FB684222A2
:108CE0001343FB607B6841229B5CDBB21A002823A4
:108CF0001340282B03D0FB68B0221343FB60BB1C3E
:108D00001B880222134010D0FB6844221343FB60EF
:108D10007B6841229B5CDBB21A0028231340282B7E
:108D200003D0FB68B0221343FB60BB1C00229B5E98
:108D3000002B03DAFB68B8221343FB60BB1C1B88C3
:108D4000102B03D1FB6890221343FB60BB1C1B88D4
:108D5000202B03D1FB6820221343FB60BB1C1B8824
:108D6000402B03D1FB6840221343FB607B681B68E8
:108D70001A68FB68D9437B681B680A401A60C046C2
:108D8000BD4604B080BD000080B582B000AF786001
:108D900039607B6841229B5CDBB2202B38D17B6839
:108DA00040229B5C012B01D1022332E07B684022F0
:108DB000012199547B684122242199547B681B68C6
:108DC0001A687B681B6801218A431A607B681B68EC
:108DD0001A687B681B6811490A401A607B681B6827
:108DE00019687B681B683A680A431A607B681B68CD
:108DF0001A687B681B6801210A431A607B6841225C
:108E0000202199547B68402200219954002300E0DE
:108E100002231800BD4602B080BDC046FFEFFFFF31
:108E200080B584B000AF786039607B6841229B5C7C
:108E3000DBB2202B39D17B6840229B5C012B01D116
:108E4000022333E07B684022012199547B68412250
:108E5000242199547B681B681A687B681B68012170
:108E60008A431A607B681B681B68FB60FB68114AB9
:108E70001340FB603B681B02FA681343FB607B688E
:108E80001B68FA681A607B681B681A687B681B6835
:108E900001210A431A607B684122202199547B6892
:108EA000402200219954002300E002231800BD460F
:108EB00004B080BDFFF0FFFF80B584B000AF7860E4
:108EC0007A6880239B009A4237D1274B1A68C023C7
:108ED000DB001A4080239B009A4240D0224B1B6843
:108EE000224A1A40204B802189000A431A60204BF5
:108EF0001B68322253431F491800F7F705F9030096
:108F00000133FB6002E0FB68013BFB60164B5A69D2
:108F10008023DB001A408023DB009A4202D1FB68E9
:108F2000002BF0D1104B5A698023DB001A408023BC
:108F3000DB009A4213D1032312E00B4B1A68C023C3
:108F4000DB001A408023DB009A4208D0064B1B68E6
:108F5000064A1A40044B8021C9000A431A600023C4
:108F60001800BD4604B080BD00700040FFF9FFFF4F
:108F70000800002040420F0080B500AF034B1A6884
:108F8000C023DB0013401800BD4680BD00700040C8
:108F9000B0B588B000AF7860C84B9B6838221340EA
:108FA000BB61C64BDB68032213407B617B681B6897
:108FB0001022134000D1EEE0BB69002B07D0BB6943
:108FC000182B00D093E07B69012B00D08FE0BB4BC6
:108FD0001B680222134006D07B68DB69002B02D19C
:108FE000012300F0AEFB7B685A6AB44B1B68082172
:108FF0000B4004D0B14B1B68F0210B4005E0AF499A
:109000009423CB581B09F0210B40934225D27B6857
:109010005B6A180000F04CFD031E02D0012300F033
:1090200090FBA64B1A68A54B08210A431A60A34B74
:109030001B68F022934319007B685A6A9F4B0A43CE
:109040001A609E4B5B689E4A134019007B681B6A3E
:109050001A029A4B0A435A6027E0984B1A68974BBA
:1090600008210A431A60954B1B68F02293431900AC
:109070007B685A6A914B0A431A60904B5B68904A2E
:10908000134019007B681B6A1A028C4B0A435A6012
:10909000BB69002B09D17B685B6A180000F008FDF2
:1090A000031E02D0012300F04CFB00F043FC010042
:1090B000824B9B681B0A0F221340824AD35C1A0022
:1090C0001F2313400A00DA407F4B1A607F4B1B6856
:1090D0000F257C191800FCF7BDFC030023707B19D9
:1090E0001B78002B56D07B191B7800F02AFB7B687D
:1090F000DB69002B34D0714B1A68704B01210A4395
:109100001A60FCF703FD03003B6108E0FCF7FEFC7E
:1091100002003B69D31A022B01D9032311E3674BE9
:109120001B6802221340F1D0644B1A68634B08217C
:109130000A431A60614B1B68F022934319007B6855
:109140005A6A5E4B0A431A605C4B5B685C4A134088
:1091500019007B681B6A1A02584B0A435A601AE0CE
:10916000564B1A68554B01218A431A60FCF7CEFC16
:1091700003003B6108E0FCF7C9FC02003B69D31A1D
:10918000022B01D90323DCE24C4B1B680222134063
:10919000F1D100E0C0467B681B680122134000D17A
:1091A00065E0BB69102B05D0BB69182B0ED17B691C
:1091B000032B0BD1414B1A6880239B02134055D0DF
:1091C0007B685B68002B51D10123BAE27B685A6847
:1091D00080235B029A4207D1384B1A68374B8021B3
:1091E00049020A431A6013E07B685A68A023DB0235
:1091F0009A4207D1314B1A68304BA021C9020A4369
:109200001A6005E02D4B1A682C4B31490A401A6050
:109210007B685B68002B14D0FCF778FC03003B6193
:1092200008E0FCF773FC02003B69D31A642B01D9F8
:10923000032386E2214B1A6880239B021340F0D05F
:1092400015E0FCF763FC03003B6108E0FCF75EFC03
:1092500002003B69D31A642B01D9032371E2174B37
:109260001A6880239B021340F0D100E0C0467B685F
:109270001B680222134000D173E0BB69082B05D0A4
:10928000BB69182B28D17B69022B25D10B4B1A689F
:109290008023DB00134005D07B68DB68002B01D105
:1092A00001234EE2054B5B680A4A134019007B68B4
:1092B0001B691A06014B0A435A6052E00010024033
:1092C000FF00FFFF48BE0008080000201400002037
:1092D000FFFFFAFFFFFFFF807B68DB68002B26D0D3
:1092E000C74B1A68C64B802149000A431A60FCF735
:1092F0000DFC03003B6108E0FCF708FC02003B6941
:10930000D31A022B01D903231BE2BD4B1A68802319
:10931000DB001340F0D0BA4B5B68BA4A1340190027
:109320007B681B691A06B64B0A435A6019E0B44BB6
:109330001A68B34BB4490A401A60FCF7E7FB030014
:109340003B6108E0FCF7E2FB02003B69D31A022B09
:1093500001D90323F5E1AA4B1A688023DB001340EF
:10936000F0D17B681B680822134051D07B685B6991
:10937000002B31D07B689B69002B08D1A04A942335
:10938000D3589F490422934394228B5007E09C4A70
:109390009423D3589A490422134394228B50984A19
:1093A0009423D35896490122134394228B50FCF7FF
:1093B000ADFB03003B6108E0FCF7A8FB02003B6942
:1093C000D31A112B01D90323BBE18D4A9423D3581F
:1093D00002221340F0D01BE0894A9423D3588849D5
:1093E0000122934394228B50FCF790FB03003B61D6
:1093F00008E0FCF78BFB02003B69D31A112B01D963
:1094000003239EE17E4A9423D35802221340F0D1D5
:109410007B681B680422134000D10DE11F203B181C
:1094200000221A70764B9A6D80235B05134010D191
:10943000734B9A6D724B802149050A439A65704BB4
:109440009A6D80235B051340BB60BB683B1801220B
:109450001A706E4B1A6880235B0013401AD16B4B55
:109460001A686A4B802149000A431A60FCF74EFBD8
:1094700003003B6108E0FCF749FB02003B69D31A9B
:10948000022B01D903235CE1604B1A6880235B0047
:109490001340F0D07B689B68012213401ED07B688C
:1094A0009B680422134010D0554A9023D358544946
:1094B0000422134390228B50514A9023D358504991
:1094C0000122134390228B5018E04D4A9023D35829
:1094D0004B490122134390228B500FE0484A9023BE
:1094E000D35847490122934390228B50444A9023FA
:1094F000D35843490422934390228B507B689B6846
:10950000002B4FD0FCF702FB03003B6109E0FCF7A6
:10951000FDFA02003B69D31A3D4A934201D9032365
:109520000FE1374A9023D35802221340EFD07B68D3
:109530009B68802213401AD0314A9023D358304977
:109540008022134390228B5009E0FCF7DFFA0200DF
:109550003B69D31A2E4A934201D90323F1E0284AEA
:109560009023D25880231B011340EED059E0244AA7
:109570009023D35822498022934390228B5009E0B4
:10958000FCF7C4FA02003B69D31A214A934201D97D
:109590000323D6E01A4A9023D25880231B0113409C
:1095A000EED13EE0FCF7B2FA03003B6109E0FCF7C4
:1095B000ADFA02003B69D31A154A934201D903233D
:1095C000BFE00F4A9023D35802221340EFD10C4A38
:1095D0009023D3588022134023D0094A9023D35894
:1095E00007498022934390228B5013E0FCF78EFAB8
:1095F00002003B69D31A064A93420BD90323A0E029
:1096000000100240FFFFFF80FFFEFFFF00700040E0
:10961000881300004D4A9023D25880231B01134029
:10962000E4D11F23FB181B78012B05D1474B9A6D02
:10963000464B47490A409A657B689B6A002B00D1DC
:109640007EE0424B9B6838221340182B00D175E016
:109650007B689B6A022B56D13C4B1A683B4B3D49B9
:109660000A401A60FCF752FA03003B6108E0FCF77D
:109670004DFA02003B69D31A022B01D9032360E0A3
:10968000324B1A6880239B041340F0D12F4BDB68C8
:10969000314A134019007B68DA6A7B681B6B1A43F6
:1096A0007B685B6B1B021A437B68DB6B1A437B682E
:1096B0001B6C1A437B689B6B1A43244B0A43DA608A
:1096C000224BDA68214B802149050A43DA601F4B9F
:1096D0001A681E4B802149040A431A60FCF716FAE7
:1096E00003003B6108E0FCF711FA02003B69D31A62
:1096F000022B01D9032324E0144B1A6880239B0416
:109700001340F0D01CE0114B1A68104B11490A406D
:109710001A60FCF7FBF903003B6108E0FCF7F6F97F
:1097200002003B69D31A022B01D9032309E0074B3E
:109730001A6880239B041340F0D101E0012300E06C
:1097400000231800BD4608B0B0BDC046001002405E
:10975000FFFFFFEFFFFFFFFE8C80C111B0B584B0AB
:1097600000AF786039606C4B1B68072213403A6881
:109770009A4211D9684B1B68072293431900664B24
:109780003A680A431A60644B1B68072213403A6820
:109790009A4201D00123BBE07B681B680122134081
:1097A00000D164E07B685B68032B07D15B4B1A68D0
:1097B00080239B04134038D10123A9E07B685B68B8
:1097C000022B07D1554B1A6880239B0213402CD1E2
:1097D00001239DE07B685B68002B06D14F4B1B6823
:1097E0000222134021D1012392E07B685B68012BA8
:1097F00007D14A4B1A688023DB00134015D101239F
:1098000086E07B685B68042B07D1444A9423D358D5
:109810000222134009D101237AE0404A9023D35811
:109820000222134001D1012372E03C4B9B680722C6
:10983000934319007B685A68384B0A439A60FCF7D7
:1098400065F90300FB6009E0FCF760F90200FB68C2
:10985000D31A334A934201D9032359E02F4B9B6813
:1098600038221A407B685B68DB009A42ECD17B6847
:109870001B680222134009D0284B9B68294A1340D9
:1098800019007B689A68254B0A439A60224B1B6833
:10989000072213403A689A4211D21F4B1B680722D5
:1098A000934319001C4B3A680A431A601A4B1B6811
:1098B000072213403A689A4201D0012328E07B68CE
:1098C0001B680422134009D0144B9B68164A1340AE
:1098D00019007B68DA68114B0A439A6000F02AF895
:1098E00001000E4B9B681B0A0F2213400F4AD35CEA
:1098F0001A001F2313400A00DA400D4B1A600B2593
:109900007C190320FCF7A6F8030023707B191B7851
:109910001800BD4604B0B0BD002002400010024057
:1099200088130000FFF0FFFFFF8FFFFF48BE000815
:109930000800002080B58AB000AF00237B620023BE
:109940003B62464B9B6838221340BB61434BDB684C
:10995000032213407B61BB69002B05D0BB69182B28
:1099600025D17B69012B22D13C4B1B680822134077
:1099700007D13A4A9423D3581B0A0F2213407B6223
:1099800005E0364B1B681B090F2213407B627B6A84
:109990000B2B01D900237B62314B7A6A9200D3589A
:1099A0007B62BB69002B1BD17B6A3B6218E0BB6901
:1099B000082B02D12B4B3B6212E0BB69102B02D16A
:1099C000294B3B620CE0BB69202B03D1FA23DB015E
:1099D0003B6205E0BB69282B02D180231B023B625E
:1099E000BB69182B35D11D4BDB68032213403B614B
:1099F0001A4BDB681B09072213400133FB603B69EC
:109A0000022B03D03B69032B03D005E0154BFB6110
:109A100005E0154BFB6102E07B6AFB61C0460F4B22
:109A2000DB681B0A7F221340FA695343F968180068
:109A3000F6F76AFB0300BB60084BDB685B0F07228D
:109A4000134001337B607968B868F6F75DFB03006B
:109A50003B623B6A1800BD460AB080BD0010024060
:109A600060BE00080024F40000093D0080B500AF8E
:109A7000024B1B681800BD4680BDC0460800002090
:109A800080B500AFFFF7F2FF0100074B9B681B0B8F
:109A900007221340054AD35C1A001F231340D94004
:109AA0000B001800BD4680BD0010024058BE0008E3
:109AB00080B586B000AF786000233B612F4B9A6D74
:109AC00080235B05134004D0FFF756FA03007B6147
:109AD00017E02A4B9A6D294B802149050A439A6564
:109AE000264B9A6D80235B051340FB60FB68FFF7F4
:109AF00043FA03007B61214B9A6D204B20490A40B9
:109B00009A657A6980239B009A4211D17B68802BE9
:109B10001CD97B68B02B02D902233B6116E07B681D
:109B2000902B02D901233B6110E000233B610DE043
:109B30007B687F2B02D902233B6107E07B68702B97
:109B400002D101233B6101E000233B610D4B1B6807
:109B50000722934319000B4B3A690A431A60094BD9
:109B60001B68072213403A699A4201D0012300E0A2
:109B700000231800BD4606B080BDC046001002405C
:109B8000FFFFFFEF0020024080B586B000AF786095
:109B90001323FB1800221A701223FB1800221A70DC
:109BA0007B681A6880231B02134000D1B7E01120A4
:109BB0003B1800221A704C4B9A6D80235B051340B2
:109BC00010D1494B9A6D484B802149050A439A654B
:109BD000454B9A6D80235B051340BB60BB683B1807
:109BE00001221A70414B1A68404B802149000A43F8
:109BF0001A60FBF78BFF0300FB600BE0FBF786FFAF
:109C00000200FB68D31A022B04D91323FB1803228A
:109C10001A7005E0354B1A6880235B001340EDD0C5
:109C20001323FB181B78002B68D12F4A9023D2589E
:109C3000C0239B0013407B617B69002B1FD07B6896
:109C40005B6B7A699A421AD0274A9023D358284AE4
:109C500013407B61244A9023D35823498022520227
:109C6000134390228B50204A9023D3581E49214AF7
:109C7000134090228B501C4990227B698B507B694A
:109C80000122134017D0FBF741FF0300FB600CE0FB
:109C9000FBF73CFF0200FB68D31A174A934204D932
:109CA0001323FB1803221A7005E00F4A9023D358A0
:109CB00002221340ECD01323FB181B78002B0BD18E
:109CC000094A9023D3580A4A1A407B685B6B0649BD
:109CD000134390228B5017E01223FB181322BA185B
:109CE00012781A7010E0C046001002400070004068
:109CF000FFFCFFFFFFFFFEFF881300001223FB188D
:109D00001322BA1812781A701123FB181B78012B32
:109D100005D1844B9A6D834B83490A409A657B68D1
:109D20001B68012213400BD07E4A8823D35803229C
:109D300093431A007B685B687A49134388228B50EF
:109D40007B681B68022213400BD0764A8823D358C5
:109D50000C2293431A007B689B6872491343882244
:109D60008B507B681B68102213400AD06D4A8823F1
:109D7000D3586E4A1A407B681B696A49134388228C
:109D80008B507B681B68082213400AD0654A8823E1
:109D9000D358674A1A407B68DB68624913438822BC
:109DA0008B507B681B68202213400AD05D4A8823B1
:109DB000D358604A1A407B685B695A49134388222A
:109DC0008B507B681B68402213400AD0554A882379
:109DD000D358594A1A407B689B69524913438822D9
:109DE0008B507B681B68802213400AD04D4A882321
:109DF000D358524A1A407B68DB694A491343882288
:109E00008B507B681A6880235B0013400AD0454A58
:109E10008823D3584A4A1A407B681B6A4149134336
:109E200088228B507B681A688023DB01134017D08F
:109E30007B681A6B80235B059A4206D1394BDA683E
:109E4000384B802149020A43DA60364A8823D358C6
:109E50003C4A1A407B681B6B3249134388228B5063
:109E60007B681A6880239B01134017D07B68DA6AED
:109E700080231B059A4206D12A4BDA68294B8021A0
:109E800049040A43DA60274A8823D3582E4A1A40E5
:109E90007B68DB6A2349134388228B507B681A68EE
:109EA0008023DB00134017D07B685A6A80235B0451
:109EB0009A4206D11B4BDA681A4B802149040A43A7
:109EC000DA60184A8823D358204A1A407B685B6AB4
:109ED0001449134388228B507B681A6880231B0126
:109EE000134017D07B689A6A80239B049A4206D15C
:109EF0000C4BDA680B4B802149040A43DA60094AAB
:109F00008823D358114A1A407B689B6A054913433A
:109F100088228B501223FB181B781800BD4606B010
:109F200080BDC04600100240FFFFFFEFFFF3FFFFC0
:109F3000FFFCFFFFFFCFFFFFFFFFFCFFFFFFF3FF73
:109F4000FFFFCFFFFFFFFFCFFFFFFFF3FFFFFFFE8E
:109F500090B589B000AF78600023FB617A688023F8
:109F60001B029A4254D1D04A9023D258C0239B005E
:109F700013407B617A69C0239B009A4239D07A6989
:109F8000C0239B009A4201D900F0F3FB7A69802339
:109F90005B009A4206D07A6980239B009A420FD0D8
:109FA00000F0E7FBC04A9023D35802221340022B53
:109FB00001D000F0E0FB80231B02FB6100F0DBFB23
:109FC000B94A9423D35802221340022B01D000F047
:109FD000D4FBB54A9423D35804221340042B03D155
:109FE000FA23FB6100F0C9FBFA23DB01FB6100F0FF
:109FF000C4FBAD4B1A6880239B021A4080239B024E
:10A000009A4201D000F0BBFBA84BFB6100F0B7FB0C
:10A010007A6880239B029A4200D1F7E07A68802315
:10A020009B029A4201D900F0ACFB7A6880235B0264
:10A030009A4200D1EAE07A6880235B029A4201D911
:10A0400000F09FFB7A688023DB019A4200D180E117
:10A050007A688023DB019A4201D900F092FB7A688A
:10A0600080239B019A4201D100F029FB7A6880236A
:10A070009B019A4201D900F084FB7A6880231B017E
:10A080009A4200D1F0E27A6880231B019A4201D9FA
:10A0900000F077FB7A688023DB009A4200D1B8E2B7
:10A0A0007A688023DB009A4201D900F06AFB7A6863
:10A0B00080235B009A4200D149E27A6880235B00EA
:10A0C0009A4201D900F05DFB7B68802B00D1E1E171
:10A0D0007B68802B01D900F054FB7B68202B0FD8C4
:10A0E0007B68002B01D100F04CFB7B68202B01D951
:10A0F00000F047FB7B689A006D4BD3181B689F46A6
:10A100007B68402B00D191E100F03BFB664A88233D
:10A11000D358032213407B617B69032B25D07B69D5
:10A12000032B2DD87B69022B13D07B69022B27D8F8
:10A130007B69002B03D07B69012B05D020E0FFF762
:10A140009FFC0300FB6120E0FFF7F4FB0300FB61D1
:10A150001BE0554B1A688023DB001A408023DB008C
:10A160009A420FD1534BFB610CE04F4A9023D358D6
:10A1700002221340022B07D180231B02FB6103E064
:10A18000C046FFE2C046FDE2C046FBE2464A8823E5
:10A19000D3580C2213407B617B690C2B25D07B6943
:10A1A0000C2B2DD87B69082B13D07B69082B27D863
:10A1B0007B69002B03D07B69042B05D020E0FFF7DF
:10A1C0005FFC0300FB6120E0FFF7B4FB0300FB61D1
:10A1D0001BE0354B1A688023DB001A408023DB002C
:10A1E0009A420FD1334BFB610CE02F4A9023D35896
:10A1F00002221340022B07D180231B02FB6103E0E4
:10A20000C046BFE2C046BDE2C046BBE2FFF738FC35
:10A210000300FB61B6E2244A8823D258C0231B0105
:10A2200013407B617A69C0231B019A422DD07A6961
:10A23000C0231B019A4233D87A6980231B019A42BA
:10A2400017D07A6980231B019A4229D87B69002B99
:10A2500005D07A698023DB009A4205D020E0FFF721
:10A260000FFC0300FB6128E0FFF764FB0300FB61C8
:10A2700023E00D4B1A688023DB001A408023DB00AB
:10A280009A420FD10B4BFB610CE0074A9023D35845
:10A2900002221340022B0FD180231B02FB610BE033
:10A2A000C0466FE2C0466DE20010024048E801007F
:10A2B00090BE00080024F400C04663E2C14A88232F
:10A2C000D258C0239B0013407B617A69C0239B0056
:10A2D0009A422DD07A69C0239B009A4233D87A697A
:10A2E00080239B009A4217D07A6980239B009A4270
:10A2F00029D87B69002B05D07A6980235B009A42BC
:10A3000005D020E0FFF7BCFB0300FB6120E0FFF776
:10A3100011FB0300FB611BE0AA4B1A688023DB00E2
:10A320001A408023DB009A420FD1A74BFB610CE05F
:10A33000A44A9023D35802221340022B07D1802332
:10A340001B02FB6103E0C0461CE2C0461AE2C046A5
:10A3500018E29C4A8823D258C0239B0513407B6196
:10A360007A6980239B059A4212D07A6980239B05E3
:10A370009A4225D87B69002B05D07A6980235B053A
:10A380009A4214D01CE0FFF7D5FA0300FB6118E0F5
:10A390008C4B1A688023DB001A408023DB009A4232
:10A3A00002D1894BFB610CE00023FB6109E008242A
:10A3B0003B19180000F0F4F93B191B68FB6100E041
:10A3C000C046DFE17F4A8823D258C0239B01134057
:10A3D0007B617A6980239B019A4217D07A69802336
:10A3E0009B019A421ED87B69002B05D07A69802395
:10A3F0005B019A4205D015E0FFF742FB0300FB61C9
:10A4000013E0FFF797FA0300FB610EE06D4B1A684B
:10A410008023DB001A408023DB009A4204D16A4B80
:10A42000FB6101E0C046ADE1C046ABE1654A88236F
:10A43000D258C0239B0213407B617A6980239B0220
:10A440009A4217D07A6980239B029A421ED87B6970
:10A45000002B05D07A6980235B029A4205D015E073
:10A46000FFF70EFB0300FB6113E0FFF763FA030045
:10A47000FB610EE0534B1A688023DB001A408023F7
:10A48000DB009A4204D1504BFB6101E0C04679E108
:10A49000C04677E14B4A8823D258C0231B031340A0
:10A4A0007B617A69C0231B039A423DD07A69C0233D
:10A4B0001B039A4243D87A6980231B039A4227D010
:10A4C0007A6980231B039A4239D87B69002B05D017
:10A4D0007A698023DB029A4205D030E0FFF7D0FA98
:10A4E0000300FB6132E0374A9423D3580222134021
:10A4F000022B26D1334A9423D35804221340042B31
:10A5000002D1FA23FB611CE0FA23DB01FB6118E0B6
:10A510002C4B1A688023DB001A408023DB009A4210
:10A5200011D1294BFB610EE0264A9023D358022219
:10A530001340022B09D180231B02FB6105E0C046BA
:10A5400020E1C0461EE1C0461CE1C0461AE11D4A9A
:10A550008823D258C0239B0313407B617A69C023B0
:10A560009B039A4242D07A69C0239B039A4248D8FF
:10A570007A6980239B039A422CD07A6980239B03BB
:10A580009A423ED87B69002B05D07A6980235B0311
:10A590009A4205D035E0FFF773FA0300FB6137E01C
:10A5A000084A9423D35802221340022B2BD1054A88
:10A5B0009423D35804221340042B07D1FA23FB61C0
:10A5C00021E0C046001002400024F400FA23DB0121
:10A5D000FB6118E06E4B1A688023DB001A40802371
:10A5E000DB009A4211D16B4BFB610EE0684A90236D
:10A5F000D35802221340022B09D180231B02FB6196
:10A6000005E0C046BEE0C046BCE0C046BAE0C04679
:10A61000B8E05F4A8823D25880235B0413407B61F3
:10A620007B69002B05D07A6980235B049A4211D0A4
:10A6300019E0574B9A68E023DB01134004D1FFF780
:10A640001FFA0300FB610EE0FFF71AFA03005B003C
:10A65000FB6108E008243B19180000F0A1F83B1941
:10A660005B68FB61C0468DE0494A8823D25880234D
:10A670009B0413407B617B69002B05D07A698023A2
:10A680009B049A4211D019E0414B9A68E023DB0108
:10A69000134004D1FFF7F4F90300FB610EE0FFF76C
:10A6A000EFF903005B00FB6108E008243B19180088
:10A6B00000F076F83B195B68FB61C04662E0344A03
:10A6C0008823D258C0231B0513407B617A69C023BD
:10A6D0001B059A4217D07A69C0231B059A4244D8B9
:10A6E0007A6980231B059A4233D07A6980231B053F
:10A6F0009A423AD87B69002B34D07A698023DB04F4
:10A700009A4203D031E0244BFB6131E0204B1B68BF
:10A7100002221340022B2AD11D4B1B680822134032
:10A7200005D01B4B1B681B090F22134005E0184A7C
:10A730009423D3581B0A0F221340BB61BB690B2B18
:10A7400001D90B23BB61154BBA699200D358FB6149
:10A750000DE008243B19180000F022F83B195B6853
:10A76000FB6105E00023FB6102E0C0460AE0C04651
:10A7700008E0C04606E0C04604E0C04602E0C0462D
:10A7800000E0C046FB691800BD4609B090BDC04658
:10A79000001002400024F400006CDC0260BE0008DF
:10A7A00080B588B000AF7860584BDB681B0A7F2209
:10A7B00013407B61554BDB68032213403B61534BD5
:10A7C000DB681B09072213400133FB604F4B1B68FA
:10A7D0000822134005D04D4B1B681B090F22134064
:10A7E00005E04A4A9423D3581B0A0F221340BB6149
:10A7F000BB690B2B01D90B23BB613B69032B20D019
:10A800003B69032B27D83B69012B0CD03B69022BFA
:10A8100021D1F9683E48F5F777FC03001A007B69FF
:10A820005343FB6125E03B4BBA699200D358F9686A
:10A830001800F5F769FC03001A007B695343FB61BC
:10A8400017E0F9683448F5F75FFC03001A007B69EC
:10A850005343FB610DE02F4BBA699200D358F9685E
:10A860001800F5F751FC03001A007B695343FB61A4
:10A87000C046264BDA6880235B0213400ED0234B80
:10A88000DB685B0C1F22134001331900F869F5F7F0
:10A890003BFC03001A007B681A6002E07B68002220
:10A8A0001A601A4BDA6880235B0413400ED0174BF2
:10A8B000DB685B0E0722134001331900F869F5F7D6
:10A8C00023FC03001A007B685A6002E07B680022C8
:10A8D0005A600E4BDA6880235B0513400ED00B4B99
:10A8E000DB685B0F0722134001331900F869F5F7A5
:10A8F0000BFC03001A007B689A6002E07B68002270
:10A900009A60C046BD4608B080BDC04600100240F7
:10A910000024F40060BE000800093D0080B584B04A
:10A9200000AF78600F217B1801221A707B68002B22
:10A9300000D18BE07B1800221A707B682D229B5C73
:10A94000DBB2002B07D17B682C22002199547B6855
:10A950001800FAF7A3FE7B682D22022199543F4B81
:10A96000CA225A623D4B53225A627B68180000F09B
:10A97000F9FB031E0BD0394BFF225A627B682D2254
:10A98000042199540F23FB1801221A705EE0334B07
:10A990009A69324B32490A409A61304B99697B6817
:10A9A0005A687B681B691A437B689B691A432B4B67
:10A9B0000A439A617B68D9687B689B681A04274BB5
:10A9C0000A431A61254BDB68264A134019007B684D
:10A9D0005A6A7B689B6A1A43204B0A43DA601F4B12
:10A9E000DA681E4B80218A43DA601C4B9B69202267
:10A9F000134010D17B68180000F08EFB031E0AD0B4
:10AA0000164BFF225A627B682D22042199540F2392
:10AA1000FB1801221A700F23FB181B78002B15D18D
:10AA20000E4B9B69DB00D9087B681A6A7B68DB697F
:10AA30001A437B685B691A43084B0A439A61074BC8
:10AA4000FF225A627B682D22012199540F23FB18A3
:10AA50001B781800BD4604B080BDC04600280040E9
:10AA6000BFFF8FFBFFE0FFFF90B587B000AFF8603E
:10AA7000B9607A60FB682C229B5C012B01D1022318
:10AA8000A7E0FB682C2201219954FB682D220221AA
:10AA90009954524BCA225A62504B53225A62FB6855
:10AAA000180000F05FFB031E0CD04C4BFF225A62D3
:10AAB000FB682D2204219954FB682C220021995413
:10AAC000012386E0454BDA68C0239B001A408023AF
:10AAD0005B009A4253D07B68002B24D13F4B9B698B
:10AAE0004022134002D1BB680022DA70BB681B7899
:10AAF000180000F063FB03001C04BB685B781800BF
:10AB000000F05CFB03001B021C43BB689B78180031
:10AB100000F054FB030022001A43BB68DB789B055E
:10AB200013437B6116E02D4B9B694022134002D1F9
:10AB3000BB680022DA70BB681B781A04BB685B78BC
:10AB40001B021343BA6892781A43BB68DB789B05F3
:10AB500013437B61214B7A6921490A401A601F4BDC
:10AB60009A691E4B1F490A409A611C4B9969BB6840
:10AB7000DA68BB681B691A43184B0A439A61174B82
:10AB8000DA68164B80218A43DA60144B9B692022D5
:10AB9000134012D1FB68180000F0BEFA031E0CD05F
:10ABA0000E4BFF225A62FB682D2204219954FB6848
:10ABB0002C220021995401230BE0084BFF225A62FA
:10ABC000FB682D2201219954FB682C220021995405
:10ABD00000231800BD4607B090BDC04600280040C5
:10ABE0007F7F7F00FFFFFBFF80B586B000AFF8607E
:10ABF000B9607A602C4B9A68BB685A602A4BDA6855
:10AC0000C0239B001A4080235B009A4247D0264B0A
:10AC10001B695B045A0CBB689A60234B1B68234A70
:10AC200013407B617B691B0CDBB23F221340DAB21D
:10AC3000BB681A707B691B0ADBB27F221340DAB251
:10AC4000BB685A707B69DBB27F221340DAB2BB6803
:10AC50009A707B699B0DDBB201221340DAB2BB68AC
:10AC6000DA707B68002B1AD1BB681B78180000F0E3
:10AC7000CDFA03001A00BB681A70BB685B78180035
:10AC800000F0C4FA03001A00BB685A70BB689B78D6
:10AC9000180000F0BBFA03001A00BB689A7000238A
:10ACA0001800BD4606B080BD002800407F7F7F00B1
:10ACB00090B587B000AFF860B9607A60FB682C226D
:10ACC0009B5C012B01D1022390E0FB682C22012127
:10ACD0009954FB682D22022199547B68002B0ED1D8
:10ACE000BB685B781A001023134008D0BB685B7800
:10ACF00010229343DBB20A33DAB2BB685A707B6826
:10AD0000002B1CD1BB68DB78180000F057FA030059
:10AD10001C04BB685B78180000F050FA03001B02AB
:10AD20001C43BB689B78180000F048FA030022001F
:10AD30001A43BB681B785B0313437B610EE0BB685F
:10AD4000DB781A04BB685B781B021343BA689278FD
:10AD50001A43BB681B785B0313437B61254BCA22F4
:10AD60005A62244B53225A62FB68180000F0FAF929
:10AD7000031E0CD01F4BFF225A62FB682D220421B8
:10AD80009954FB682C220021995401232EE0194B81
:10AD90007A6919490A405A60164BDA68154B8021C6
:10ADA0008A43DA60134B9B692022134012D1FB685F
:10ADB000180000F0B1F9031E0CD00E4BFF225A62AE
:10ADC000FB682D2204219954FB682C220021995400
:10ADD00001230BE0074BFF225A62FB682D22012161
:10ADE0009954FB682C220021995400231800BD4679
:10ADF00007B090BD002800403FFFFF0080B586B03F
:10AE000000AFF860B9607A60214B5B68214A13405B
:10AE10007B617B691B0CDAB2BB68DA707B691B0A49
:10AE2000DBB21F221340DAB2BB685A707B69DBB217
:10AE30003F221340DAB2BB689A707B695B0BDBB2CE
:10AE400007221340DAB2BB681A707B68002B1AD154
:10AE5000BB68DB78180000F0D9F903001A00BB6862
:10AE6000DA70BB685B78180000F0D0F903001A00B4
:10AE7000BB685A70BB689B78180000F0C7F90300E4
:10AE80001A00BB689A7000231800BD4606B080BD4A
:10AE9000002800403FFFFF0090B587B000AFF8608A
:10AEA000B9607A6000237B61FB682C229B5C012BDC
:10AEB00001D10223F1E0FB682C2201219954FB68A7
:10AEC0002D2202219954774BDA68C0239B0013404E
:10AED0003B613A6980235B009A425AD07B68002B21
:10AEE00035D1704B9B694022134002D1BB680022D0
:10AEF000DA70BB681B78180000F060F903001C04CE
:10AF0000BB685B78180000F059F903001B021C4372
:10AF1000BB689B78180000F051F9030022001A4327
:10AF2000BB68DB789B051A431400BB6824229B5C3A
:10AF3000180000F043F903001B0622001A43BB6807
:10AF40001B6A1A43BB685B6913437B6121E0554B65
:10AF50009B694022134002D1BB680022DA70BB68B3
:10AF60001B781A04BB685B781B021343BA6892789B
:10AF70001A43BB68DB789B051A43BB6824215B5CE2
:10AF80001B061A43BB681B6A1A43BB685B69134301
:10AF90007B61BB68DA6A80235B009A423AD1414BFD
:10AFA0009A69404B40490A409A613E4B0122DA655A
:10AFB0003A6980235B009A4207D1BB689969BB68F4
:10AFC000DA69384B0A435A6406E0364B7A691A64E8
:10AFD000344ABB689B695364324ABB685B68136739
:10AFE000BB689B6A012B07D12E4B9A692D4B8021A0
:10AFF00009050A439A6105E02A4B9A69294B2B49B6
:10B000000A409A61274B9A69264B882149010A43D5
:10B010009A6139E0234B9A69224B25490A409A618B
:10B02000204B0222DA653A6980235B009A4207D1FD
:10B03000BB689969BB68DA691A4B0A43DA6406E0AF
:10B04000184B7A699A64174ABB689B69D364154A9E
:10B05000BB685B685367BB689B6A012B07D1114BC8
:10B060009A69104B802149050A439A6105E00D4B0E
:10B070009A690C4B0F490A409A610A4B9A69094B2D
:10B08000882189010A439A61FB682D220121995484
:10B09000FB682C220021995400231800BD4607B0FC
:10B0A00090BDC04600280040FFEEFFFFFFFFFFF706
:10B0B000FFDDFFFFFFFFFFEF80B584B000AF7860DA
:10B0C000104B5B6DFB60FB680122134006D00D4BFB
:10B0D0000122DA657B68180000F016F8FB6802228E
:10B0E000134006D0074B0222DA657B68180000F097
:10B0F000AAF87B682D2201219954C046BD4604B0B0
:10B1000080BDC0460028004080B582B000AF7860A6
:10B11000C046BD4602B080BD80B584B000AF786047
:10B120000F4BDA680E4B20218A43DA60FAF7EEFC07
:10B130000300FB600AE0FAF7E9FC0200FB68D21AA0
:10B14000FA239B009A4201D9032305E0044BDB68F4
:10B1500020221340EFD000231800BD4604B080BD6C
:10B160000028004080B584B000AF7860124BDB68E7
:10B17000402213401AD1104BDA680F4B80210A434A
:10B18000DA60FAF7C3FC0300FB600AE0FAF7BEFCE2
:10B190000200FB68D21AFA239B009A4201D90323CA
:10B1A00005E0054BDB6840221340EFD00023180078
:10B1B000BD4604B080BDC0460028004080B584B0C4
:10B1C00000AF0200FB1D1A700023FB600B23FB186D
:10B1D000FA1D12781A7008E0FB680133FB600B223D
:10B1E000BB18BA1812780A3A1A700B217B181B7810
:10B1F000092BF1D8FB68DBB21B01DAB27B181B7894
:10B200001343DBB21800BD4604B080BD80B584B0E6
:10B2100000AF0200FB1D1A70FB1D1B781B09DBB27F
:10B220001A0013009B009B185B00FB60FB68DAB2FE
:10B23000FB1D1B780F210B40DBB2D318DBB21800CB
:10B24000BD4604B080BD80B582B000AF7860C04616
:10B25000BD4602B080BD000080B582B000AF78600E
:10B260007B68002B01D1012346E07B6888229B5834
:10B27000002B07D17B688422002199547B68180039
:10B28000FAF754FA7B688822242199507B681B685E
:10B290001A687B681B6801218A431A607B689B6A75
:10B2A000002B03D07B68180000F0E6F97B681800DB
:10B2B00000F028F80300012B01D101231CE07B687A
:10B2C0001B685A687B681B680D490A405A607B6896
:10B2D0001B689A687B681B682A218A439A607B688E
:10B2E0001B681A687B681B6801210A431A607B6827
:10B2F000180000F075FA03001800BD4602B080BDCA
:10B30000FFB7FFFFB0B592B000AF78621F232022D5
:10B310009B18DB1900221A707B6A9A687B6A1B698A
:10B320001A437B6A5B691A437B6ADB6913437B645C
:10B330007B6A1B681B68C64A134019007B6A1A683F
:10B340007B6C0B4313607B6A1B685B68C14A1340CC
:10B3500018007B6AD9687B6A1A6803000B43536044
:10B360007B6A9B697B647B6A1B68BB4A934209D0FA
:10B370007B6A1B68B94A934204D07B6A1B6A7A6C69
:10B3800013437B647B6A1B689B68B54A13401900B2
:10B390007B6A1A687B6C0B4393607B6A1B68DB6A71
:10B3A0000F22934318007B6A596A7B6A1A6803006C
:10B3B0000B43D3627B6A1B68AA4A934202D10123E2
:10B3C0003B642BE07B6A1B68A74A934202D10223AD
:10B3D0003B6423E07B6A1B68A44A934203D1802329
:10B3E0005B023B641AE07B6A1B68A14A934203D16B
:10B3F00080239B023B6411E07B6A1B68964A934260
:10B4000002D110233B6409E07B6A1B68934A934294
:10B4100002D108233B6401E000233B647B6A1B6884
:10B420008D4A934205D07B6A1B688C4A934200D0B8
:10B430006FE03B6C1800FEF78BFD0300BB63BB6B3A
:10B44000002B00D1ECE07B6A5A6A8A4B5200D35A37
:10B450001900B86BF4F758FE0300FB627B6A5A6868
:10B4600013005B009B18FA6A9A4205D37B6A5B68FB
:10B470001B03FA6A9A4206D91F2320229B18DB1964
:10B4800001221A7044E0BB6BBB610023FB617B6A45
:10B490005A6A784B5200D35A3B6100237B613A6968
:10B4A0007B69B869F969F4F7DFFF02000B00110E40
:10B4B0001D020D4314027B6A5B685B08BB600023BE
:10B4C000FB60B868F968001969417B6A5B683B609A
:10B4D00000237B603A687B68F4F7C6FF02000B002C
:10B4E00013007B637A6BC0239B009A4209D37A6B6B
:10B4F00080235B039A4204D27B6A1B687A6BDA6012
:10B5000006E01F2320229B18DB1901221A7087E016
:10B5100086E07B6ADA6980231B029A424CD13B6C3D
:10B520001800FEF715FD0300BB63BB6B002B00D1B9
:10B5300076E07B6A5A6A4F4B5200D35A1900B86BB7
:10B54000F4F7E2FD03005A007B6A5B685B08D218DF
:10B550007B6A5B6819001000F4F7D6FD03007B637B
:10B560007B6B0F2B21D97A6B80235B029A421CD212
:10B570007B6B9AB2122020240319DB190F218A4316
:10B580001A807B6B5B089BB20722134099B20319A8
:10B59000DB190219D21912880A431A807B6A1B68C8
:10B5A0000219D2191288DA603AE01F2320229B1870
:10B5B000DB1901221A7033E03B6C1800FEF7C8FC5F
:10B5C0000300BB63BB6B002B2AD07B6A5A6A294BF2
:10B5D0005200D35A1900B86BF4F796FD03001A0015
:10B5E0007B6A5B685B08D2187B6A5B681900100095
:10B5F000F4F78AFD03007B637B6B0F2B0AD97A6B10
:10B6000080235B029A4205D27B6B9AB27B6A1B68ED
:10B61000DA6005E01F2320229B18DB1901221A7033
:10B620007B6A6A22012199527B6A68220121995220
:10B630007B6A00225A677B6A00229A671F232022B6
:10B640009B18DB191B781800BD4612B0B0BDC04670
:10B65000F369FFCFFFCFFFFF008000400084004070
:10B66000FFF4FF1100380140004400400048004052
:10B67000004C004014BF000880B582B000AF786075
:10B680007B689B6A082213400BD07B681B685B6851
:10B690004A4A134019007B689A6B7B681B680A430F
:10B6A0005A607B689B6A012213400BD07B681B6841
:10B6B0005B68434A134019007B68DA6A7B681B6841
:10B6C0000A435A607B689B6A022213400BD07B6856
:10B6D0001B685B683B4A134019007B681A6B7B68E8
:10B6E0001B680A435A607B689B6A042213400BD094
:10B6F0007B681B685B68344A134019007B685A6B8F
:10B700007B681B680A435A607B689B6A102213405F
:10B710000BD07B681B689B682C4A134019007B6820
:10B72000DA6B7B681B680A439A607B689B6A2022FD
:10B7300013400BD07B681B689B68254A1340190097
:10B740007B681A6C7B681B680A439A607B689B6AFB
:10B75000402213401DD07B681B685B681D4A134064
:10B7600019007B685A6C7B681B680A435A607B68C7
:10B770005A6C80235B039A420BD17B681B685B6821
:10B78000154A134019007B689A6C7B681B680A4352
:10B790005A607B689B6A802213400BD07B681B68D1
:10B7A0005B680E4A134019007B68DA6C7B681B6883
:10B7B0000A435A60C046BD4602B080BDFF7FFFFF0E
:10B7C000FFFFFDFFFFFFFEFFFFFFFBFFFFEFFFFFA0
:10B7D000FFDFFFFFFFFFEFFFFFFF9FFFFFFFF7FF11
:10B7E00080B592B002AF78607B68902200219950BA
:10B7F000FAF78CF90300FB637B681B681B6808225F
:10B800001340082B2DD1FB6B802291037868474AA7
:10B810000092002200F08EF8031E22D0EFF3108376
:10B820007B627B6ABB630123BB62BB6A83F31088C4
:10B83000C0467B681B681A687B681B6880218A4346
:10B840001A60BB6BFB62FB6A83F31088C0467B689F
:10B850008822202199507B68842200219954032357
:10B8600060E07B681B681B6804221340042B46D1F0
:10B87000FB6B8022D10378682C4A0092002200F0F2
:10B8800059F8031E3BD0EFF31083FB60FB687B632A
:10B8900001233B613B6983F31088C0467B681B68CA
:10B8A0001A687B681B6822490A401A607B6B7B61BF
:10B8B0007B6983F31088C046EFF31083BB61BB69DB
:10B8C0003B630123FB61FB6983F31088C0467B68FF
:10B8D0001B689A687B681B6801218A439A603B6BEE
:10B8E0003B623B6A83F31088C0467B688C22202130
:10B8F00099507B68842200219954032312E07B68CD
:10B900008822202199507B688C22202199507B68C5
:10B910000022DA667B6800221A677B688422002195
:10B92000995400231800BD4610B080BDFFFFFF01F1
:10B93000DFFEFFFF80B584B000AFF860B9603B6008
:10B94000FB1D1A7051E0BB6901334ED0FAF7DEF8E7
:10B9500002003B68D31ABA699A4202D3BB69002B32
:10B9600001D1032351E0FB681B681B6804221340CC
:10B970003BD0BB68802B38D0BB68402B35D0FB68F0
:10B980001B68DB6908221340082B11D1FB681B6878
:10B9900008221A62FB68180000F03CF8FB6890224D
:10B9A00008219950FB6884220021995401232CE03E
:10B9B000FB681B68DA6980231B011A4080231B0186
:10B9C0009A4212D1FB681B68802212011A62FB683E
:10B9D000180000F01FF8FB68902220219950FB68A6
:10B9E00084220021995403230FE0FB681B68DB6964
:10B9F000BA681340BA68D31A5A425341DBB21A00EC
:10BA0000FB1D1B789A429ED000231800BD4604B04F
:10BA100080BD000080B58EB000AF7860EFF310837A
:10BA20007B617B697B630123BB61BB6983F3108806
:10BA3000C0467B681B681A687B681B6826490A40F9
:10BA40001A607B6BFB61FB6983F31088C046EFF3E0
:10BA500010833B623B6A3B6301237B627B6A83F317
:10BA60001088C0467B681B689A687B681B681B4906
:10BA70000A409A603B6BBB62BB6A83F31088C04686
:10BA80007B68DB6E012B18D1EFF31083BB60BB68C2
:10BA9000FB620123FB60FB6883F31088C0467B6870
:10BAA0001B681A687B681B6810218A431A60FB6A4E
:10BAB0003B613B6983F31088C0467B688C22202160
:10BAC00099507B680022DA667B6800225A67C0467C
:10BAD000BD460EB080BDC046DFFEFFFFFEFFFFEF9C
:10BAE00080B584B000AF78607B6884229B5C012BBA
:10BAF00001D1022327E07B688422012199547B68CD
:10BB00008822242199507B681B681B68FB607B6836
:10BB10001B681A687B681B6801218A431A60FB68EE
:10BB20000B4A1340FB607B6800225A667B681B68E7
:10BB3000FA681A607B688822202199507B688422E9
:10BB40000021995400231800BD4604B080BDC046B2
:10BB5000FFFFFFDF80B584B000AF786039607B689D
:10BB600084229B5C012B01D102232EE07B6884227E
:10BB7000012199547B688822242199507B681B6895
:10BB80001B68FB607B681B681A687B681B68012167
:10BB90008A431A607B681B689B68DB00D9087B6856
:10BBA0001B683A680A439A607B68180000F054F8F2
:10BBB0007B681B68FA681A607B688822202199508C
:10BBC0007B6884220021995400231800BD4604B0EC
:10BBD00080BD000080B584B000AF786039607B68BC
:10BBE00084229B5C012B01D102232FE07B688422FD
:10BBF000012199547B688822242199507B681B6815
:10BC00001B68FB607B681B681A687B681B680121E6
:10BC10008A431A607B681B689B680E4A13401900B0
:10BC20007B681B683A680A439A607B68180000F0DA
:10BC300013F87B681B68FA681A607B6888222021E9
:10BC400099507B6884220021995400231800BD4636
:10BC500004B080BDFFFFFFF1F0B585B000AF7860A4
:10BC60007B685B6E002B08D17B686A2201219952A8
:10BC70007B6868220121995243E00F26BB190822F4
:10BC80001A700E203B1808221A707B681B689B688C
:10BC90005B0EDAB20D243B1907210A401A707B684B
:10BCA0001B689B685B0FDAB20C257B1907210A40E1
:10BCB0001A703B181B787A19127814498A5C5A4317
:10BCC00010007B191B78124AD35C1900F4F7A6FA0E
:10BCD000030099B27B686A229952BB191B783A1902
:10BCE00012780A498A5C5A4310003B191B78084AAB
:10BCF000D35C1900F4F792FA030099B27B686822CA
:10BD00009952C046BD4605B0F0BDC0462CBF0008E4
:10BD100034BF000803008218934200D170471970A5
:10BD20000133F9E770B500260C4C0D4D641BA410CF
:10BD3000A64209D1002600F023F80A4C0A4D641BE4
:10BD4000A410A64205D170BDB300EB589847013648
:10BD5000EEE7B300EB5898470136F2E744BF00081E
:10BD600044BF000848BF000844BF0008002310B5C6
:10BD70009A4200D110BDCC5CC4540133F8E70000F6
:10BD8000F8B5C046F8BC08BC9E467047F8B5C0463A
:08BD9000F8BC08BC9E46704798
:10BD980006080008320700081C0700089807000872
:10BDA8001C070008CC0700081C07000898070008B3
:10BDB8003207000832070008CC0700089807000877
:10BDC800080700080807000808070008D607000841
:10BDD80032070008320700081C070008720800082C
:10BDE8001C070008CC0700081C0700087208000898
:10BDF8003207000832070008CC070008720800085C
:10BE0800080700080807000808070008EE460008A9
:10BE18007046000894460008A6460008B846000880
:10BE2800CA46000882460008DC460008B04A0008F6
:10BE3800BA4A0008C44A0008CE4A0008D84A00088E
:10BE480000000000000000000102030406070809C2
:10BE58000000000001020304A0860100400D030059
:10BE6800801A060000350C0040420F0080841E0036
:10BE780000093D0000127A000024F40000366E012B
:10BE88000048E801006CDC0282A700080CA1000849
:10BE98008CA1000882A7000882A7000882A70008D2
:10BEA80082A7000882A70008BCA2000882A7000891
:10BEB80082A7000882A7000882A7000882A70008B6
:10BEC80082A7000882A7000816A2000882A7000817
:10BED80082A7000882A7000882A7000882A7000896
:10BEE80082A7000882A7000882A7000882A7000886
:10BEF80082A7000882A7000882A7000882A7000876
:10BF080082A7000882A70008C4A300080100020055
:10BF18000400060008000A000C0010002000400081
:10BF28008000000101010103070100000804020468
:04BF380008010101FA
:08BF3C009C45FF7F010000009D
:04BF4400E900000808
:04BF4800C10000082C
:10BF4C0004020300E803000000093D00B56201078C
:0CBF5C00000008190400000001000000B3
:04000005080059D5C1
:00000001FF
